-- MySQL dump 10.13  Distrib 5.5.32, for Linux (x86_64)
--
-- Host: localhost    Database: rtbus
-- ------------------------------------------------------
-- Server version	5.5.32-cll-lve

/*!40101 SET @OLD_CHARACTER_SET_CLIENT=@@CHARACTER_SET_CLIENT */;
/*!40101 SET @OLD_CHARACTER_SET_RESULTS=@@CHARACTER_SET_RESULTS */;
/*!40101 SET @OLD_COLLATION_CONNECTION=@@COLLATION_CONNECTION */;
/*!40101 SET NAMES utf8 */;
/*!40103 SET @OLD_TIME_ZONE=@@TIME_ZONE */;
/*!40103 SET TIME_ZONE='+00:00' */;
/*!40014 SET @OLD_UNIQUE_CHECKS=@@UNIQUE_CHECKS, UNIQUE_CHECKS=0 */;
/*!40014 SET @OLD_FOREIGN_KEY_CHECKS=@@FOREIGN_KEY_CHECKS, FOREIGN_KEY_CHECKS=0 */;
/*!40101 SET @OLD_SQL_MODE=@@SQL_MODE, SQL_MODE='NO_AUTO_VALUE_ON_ZERO' */;
/*!40111 SET @OLD_SQL_NOTES=@@SQL_NOTES, SQL_NOTES=0 */;

--
-- Table structure for table `auth_group`
--

DROP TABLE IF EXISTS `auth_group`;
/*!40101 SET @saved_cs_client     = @@character_set_client */;
/*!40101 SET character_set_client = utf8 */;
CREATE TABLE `auth_group` (
  `id` int(11) NOT NULL AUTO_INCREMENT,
  `name` varchar(80) NOT NULL,
  PRIMARY KEY (`id`),
  UNIQUE KEY `name` (`name`)
) ENGINE=InnoDB DEFAULT CHARSET=latin1;
/*!40101 SET character_set_client = @saved_cs_client */;

--
-- Dumping data for table `auth_group`
--

LOCK TABLES `auth_group` WRITE;
/*!40000 ALTER TABLE `auth_group` DISABLE KEYS */;
/*!40000 ALTER TABLE `auth_group` ENABLE KEYS */;
UNLOCK TABLES;

--
-- Table structure for table `auth_group_permissions`
--

DROP TABLE IF EXISTS `auth_group_permissions`;
/*!40101 SET @saved_cs_client     = @@character_set_client */;
/*!40101 SET character_set_client = utf8 */;
CREATE TABLE `auth_group_permissions` (
  `id` int(11) NOT NULL AUTO_INCREMENT,
  `group_id` int(11) NOT NULL,
  `permission_id` int(11) NOT NULL,
  PRIMARY KEY (`id`),
  UNIQUE KEY `group_id` (`group_id`,`permission_id`),
  KEY `auth_group_permissions_5f412f9a` (`group_id`),
  KEY `auth_group_permissions_83d7f98b` (`permission_id`),
  CONSTRAINT `group_id_refs_id_f4b32aac` FOREIGN KEY (`group_id`) REFERENCES `auth_group` (`id`),
  CONSTRAINT `permission_id_refs_id_6ba0f519` FOREIGN KEY (`permission_id`) REFERENCES `auth_permission` (`id`)
) ENGINE=InnoDB DEFAULT CHARSET=latin1;
/*!40101 SET character_set_client = @saved_cs_client */;

--
-- Dumping data for table `auth_group_permissions`
--

LOCK TABLES `auth_group_permissions` WRITE;
/*!40000 ALTER TABLE `auth_group_permissions` DISABLE KEYS */;
/*!40000 ALTER TABLE `auth_group_permissions` ENABLE KEYS */;
UNLOCK TABLES;

--
-- Table structure for table `auth_permission`
--

DROP TABLE IF EXISTS `auth_permission`;
/*!40101 SET @saved_cs_client     = @@character_set_client */;
/*!40101 SET character_set_client = utf8 */;
CREATE TABLE `auth_permission` (
  `id` int(11) NOT NULL AUTO_INCREMENT,
  `name` varchar(50) NOT NULL,
  `content_type_id` int(11) NOT NULL,
  `codename` varchar(100) NOT NULL,
  PRIMARY KEY (`id`),
  UNIQUE KEY `content_type_id` (`content_type_id`,`codename`),
  KEY `auth_permission_37ef4eb4` (`content_type_id`),
  CONSTRAINT `content_type_id_refs_id_d043b34a` FOREIGN KEY (`content_type_id`) REFERENCES `django_content_type` (`id`)
) ENGINE=InnoDB AUTO_INCREMENT=37 DEFAULT CHARSET=latin1;
/*!40101 SET character_set_client = @saved_cs_client */;

--
-- Dumping data for table `auth_permission`
--

LOCK TABLES `auth_permission` WRITE;
/*!40000 ALTER TABLE `auth_permission` DISABLE KEYS */;
INSERT INTO `auth_permission` VALUES (1,'Can add permission',1,'add_permission'),(2,'Can change permission',1,'change_permission'),(3,'Can delete permission',1,'delete_permission'),(4,'Can add group',2,'add_group'),(5,'Can change group',2,'change_group'),(6,'Can delete group',2,'delete_group'),(7,'Can add user',3,'add_user'),(8,'Can change user',3,'change_user'),(9,'Can delete user',3,'delete_user'),(10,'Can add content type',4,'add_contenttype'),(11,'Can change content type',4,'change_contenttype'),(12,'Can delete content type',4,'delete_contenttype'),(13,'Can add session',5,'add_session'),(14,'Can change session',5,'change_session'),(15,'Can delete session',5,'delete_session'),(16,'Can add site',6,'add_site'),(17,'Can change site',6,'change_site'),(18,'Can delete site',6,'delete_site'),(19,'Can add log entry',7,'add_logentry'),(20,'Can change log entry',7,'change_logentry'),(21,'Can delete log entry',7,'delete_logentry'),(22,'Can add bus wroute',8,'add_buswroute'),(23,'Can change bus wroute',8,'change_buswroute'),(24,'Can delete bus wroute',8,'delete_buswroute'),(25,'Can add bus stop',9,'add_busstop'),(26,'Can change bus stop',9,'change_busstop'),(27,'Can delete bus stop',9,'delete_busstop'),(28,'Can add coordinate',10,'add_coordinate'),(29,'Can change coordinate',10,'change_coordinate'),(30,'Can delete coordinate',10,'delete_coordinate'),(31,'Can add real time coordinates',11,'add_realtimecoordinates'),(32,'Can change real time coordinates',11,'change_realtimecoordinates'),(33,'Can delete real time coordinates',11,'delete_realtimecoordinates'),(34,'Can add stop subscription',12,'add_stopsubscription'),(35,'Can change stop subscription',12,'change_stopsubscription'),(36,'Can delete stop subscription',12,'delete_stopsubscription');
/*!40000 ALTER TABLE `auth_permission` ENABLE KEYS */;
UNLOCK TABLES;

--
-- Table structure for table `auth_user`
--

DROP TABLE IF EXISTS `auth_user`;
/*!40101 SET @saved_cs_client     = @@character_set_client */;
/*!40101 SET character_set_client = utf8 */;
CREATE TABLE `auth_user` (
  `id` int(11) NOT NULL AUTO_INCREMENT,
  `password` varchar(128) NOT NULL,
  `last_login` datetime NOT NULL,
  `is_superuser` tinyint(1) NOT NULL,
  `username` varchar(30) NOT NULL,
  `first_name` varchar(30) NOT NULL,
  `last_name` varchar(30) NOT NULL,
  `email` varchar(75) NOT NULL,
  `is_staff` tinyint(1) NOT NULL,
  `is_active` tinyint(1) NOT NULL,
  `date_joined` datetime NOT NULL,
  PRIMARY KEY (`id`),
  UNIQUE KEY `username` (`username`)
) ENGINE=InnoDB AUTO_INCREMENT=2 DEFAULT CHARSET=latin1;
/*!40101 SET character_set_client = @saved_cs_client */;

--
-- Dumping data for table `auth_user`
--

LOCK TABLES `auth_user` WRITE;
/*!40000 ALTER TABLE `auth_user` DISABLE KEYS */;
INSERT INTO `auth_user` VALUES (1,'pbkdf2_sha256$10000$x7ENUBkWbdXA$r2WzanvEA5/gUN1zYQi9YCrt3JHoMJMBB+Lk0LCHXIY=','2014-04-22 20:10:51',1,'reidhoruff','','','sdf@sdf.com',1,1,'2014-04-02 22:49:43');
/*!40000 ALTER TABLE `auth_user` ENABLE KEYS */;
UNLOCK TABLES;

--
-- Table structure for table `auth_user_groups`
--

DROP TABLE IF EXISTS `auth_user_groups`;
/*!40101 SET @saved_cs_client     = @@character_set_client */;
/*!40101 SET character_set_client = utf8 */;
CREATE TABLE `auth_user_groups` (
  `id` int(11) NOT NULL AUTO_INCREMENT,
  `user_id` int(11) NOT NULL,
  `group_id` int(11) NOT NULL,
  PRIMARY KEY (`id`),
  UNIQUE KEY `user_id` (`user_id`,`group_id`),
  KEY `auth_user_groups_6340c63c` (`user_id`),
  KEY `auth_user_groups_5f412f9a` (`group_id`),
  CONSTRAINT `group_id_refs_id_274b862c` FOREIGN KEY (`group_id`) REFERENCES `auth_group` (`id`),
  CONSTRAINT `user_id_refs_id_40c41112` FOREIGN KEY (`user_id`) REFERENCES `auth_user` (`id`)
) ENGINE=InnoDB DEFAULT CHARSET=latin1;
/*!40101 SET character_set_client = @saved_cs_client */;

--
-- Dumping data for table `auth_user_groups`
--

LOCK TABLES `auth_user_groups` WRITE;
/*!40000 ALTER TABLE `auth_user_groups` DISABLE KEYS */;
/*!40000 ALTER TABLE `auth_user_groups` ENABLE KEYS */;
UNLOCK TABLES;

--
-- Table structure for table `auth_user_user_permissions`
--

DROP TABLE IF EXISTS `auth_user_user_permissions`;
/*!40101 SET @saved_cs_client     = @@character_set_client */;
/*!40101 SET character_set_client = utf8 */;
CREATE TABLE `auth_user_user_permissions` (
  `id` int(11) NOT NULL AUTO_INCREMENT,
  `user_id` int(11) NOT NULL,
  `permission_id` int(11) NOT NULL,
  PRIMARY KEY (`id`),
  UNIQUE KEY `user_id` (`user_id`,`permission_id`),
  KEY `auth_user_user_permissions_6340c63c` (`user_id`),
  KEY `auth_user_user_permissions_83d7f98b` (`permission_id`),
  CONSTRAINT `permission_id_refs_id_35d9ac25` FOREIGN KEY (`permission_id`) REFERENCES `auth_permission` (`id`),
  CONSTRAINT `user_id_refs_id_4dc23c39` FOREIGN KEY (`user_id`) REFERENCES `auth_user` (`id`)
) ENGINE=InnoDB DEFAULT CHARSET=latin1;
/*!40101 SET character_set_client = @saved_cs_client */;

--
-- Dumping data for table `auth_user_user_permissions`
--

LOCK TABLES `auth_user_user_permissions` WRITE;
/*!40000 ALTER TABLE `auth_user_user_permissions` DISABLE KEYS */;
/*!40000 ALTER TABLE `auth_user_user_permissions` ENABLE KEYS */;
UNLOCK TABLES;

--
-- Table structure for table `django_admin_log`
--

DROP TABLE IF EXISTS `django_admin_log`;
/*!40101 SET @saved_cs_client     = @@character_set_client */;
/*!40101 SET character_set_client = utf8 */;
CREATE TABLE `django_admin_log` (
  `id` int(11) NOT NULL AUTO_INCREMENT,
  `action_time` datetime NOT NULL,
  `user_id` int(11) NOT NULL,
  `content_type_id` int(11) DEFAULT NULL,
  `object_id` longtext,
  `object_repr` varchar(200) NOT NULL,
  `action_flag` smallint(5) unsigned NOT NULL,
  `change_message` longtext NOT NULL,
  PRIMARY KEY (`id`),
  KEY `django_admin_log_6340c63c` (`user_id`),
  KEY `django_admin_log_37ef4eb4` (`content_type_id`),
  CONSTRAINT `content_type_id_refs_id_93d2d1f8` FOREIGN KEY (`content_type_id`) REFERENCES `django_content_type` (`id`),
  CONSTRAINT `user_id_refs_id_c0d12874` FOREIGN KEY (`user_id`) REFERENCES `auth_user` (`id`)
) ENGINE=InnoDB AUTO_INCREMENT=110 DEFAULT CHARSET=latin1;
/*!40101 SET character_set_client = @saved_cs_client */;

--
-- Dumping data for table `django_admin_log`
--

LOCK TABLES `django_admin_log` WRITE;
/*!40000 ALTER TABLE `django_admin_log` DISABLE KEYS */;
INSERT INTO `django_admin_log` VALUES (1,'2014-04-02 22:54:13',1,8,'1','TestRoute, 1',1,''),(2,'2014-04-03 18:30:28',1,10,'13','11.13312200000000000000,22.32423423000000000000',3,''),(3,'2014-04-03 18:30:28',1,10,'12','11.13312200000000000000,22.32423423000000000000',3,''),(4,'2014-04-03 18:30:28',1,10,'11','11.13312200000000000000,22.32423423000000000000',3,''),(5,'2014-04-03 18:30:28',1,10,'10','11.13312200000000000000,22.32423423000000000000',3,''),(6,'2014-04-03 18:30:28',1,10,'9','11.13312200000000000000,22.32423423000000000000',3,''),(7,'2014-04-03 18:30:28',1,10,'8','11.13312200000000000000,22.32423423000000000000',3,''),(8,'2014-04-03 18:30:28',1,10,'7','11.13312200000000000000,22.32423423000000000000',3,''),(9,'2014-04-03 18:30:28',1,10,'6','11.13312200000000000000,22.32423423000000000000',3,''),(10,'2014-04-03 18:30:28',1,10,'5','11.13312200000000000000,22.32423423000000000000',3,''),(11,'2014-04-03 18:30:28',1,10,'4','11.13312200000000000000,22.32423423000000000000',3,''),(12,'2014-04-03 18:30:28',1,10,'3','11.13312200000000000000,22.32423423000000000000',3,''),(13,'2014-04-03 18:30:28',1,10,'2','11.13312200000000000000,22.32423423000000000000',3,''),(14,'2014-04-03 18:30:28',1,10,'1','11.13312200000000000000,22.32423423000000000000',3,''),(15,'2014-04-03 18:31:01',1,10,'14','33.585543,-101.865126',1,''),(16,'2014-04-03 18:31:32',1,10,'15','33.58544,-101.868361',1,''),(17,'2014-04-03 18:31:47',1,10,'16','33.588345,-101.868565',1,''),(18,'2014-04-03 18:32:02',1,10,'17','33.588193,-101.872331',1,''),(19,'2014-04-03 18:32:18',1,10,'18','33.586977,-101.872706',1,''),(20,'2014-04-03 18:32:36',1,10,'19','33.584305,-101.873200',1,''),(21,'2014-04-03 18:32:48',1,10,'20','33.584448,-101.870625',1,''),(22,'2014-04-03 18:33:00',1,10,'21','33.588228,-101.870560',1,''),(23,'2014-04-03 18:33:17',1,10,'22','33.588219,-101.864098',1,''),(24,'2014-04-03 18:33:27',1,10,'23','33.585458,-101.864120',1,''),(25,'2014-04-03 18:33:43',1,10,'24','33.585543,-101.865126',1,''),(26,'2014-04-03 21:24:01',1,8,'29','Good Route, 29',2,'Changed name.'),(27,'2014-04-08 00:09:33',1,8,'52','Default Route, 52',3,''),(28,'2014-04-08 00:09:33',1,8,'51','Default Route, 51',3,''),(29,'2014-04-08 00:09:33',1,8,'50','Default Route, 50',3,''),(30,'2014-04-08 00:09:33',1,8,'49','Default Route, 49',3,''),(31,'2014-04-08 00:09:33',1,8,'48','Default Route, 48',3,''),(32,'2014-04-08 00:09:33',1,8,'47','Default Route, 47',3,''),(33,'2014-04-08 00:09:33',1,8,'46','Default Route, 46',3,''),(34,'2014-04-08 00:09:33',1,8,'45','Default Route, 45',3,''),(35,'2014-04-08 00:09:33',1,8,'44','Default Route, 44',3,''),(36,'2014-04-08 00:09:33',1,8,'43','Default Route, 43',3,''),(37,'2014-04-08 00:09:33',1,8,'42','Default Route, 42',3,''),(38,'2014-04-08 00:09:33',1,8,'41','Default Route, 41',3,''),(39,'2014-04-08 00:09:33',1,8,'40','Default Route, 40',3,''),(40,'2014-04-08 00:09:33',1,8,'39','Default Route, 39',3,''),(41,'2014-04-08 00:09:33',1,8,'38','Default Route, 38',3,''),(42,'2014-04-08 00:09:33',1,8,'37','Default Route, 37',3,''),(43,'2014-04-08 00:09:33',1,8,'36','Default Route, 36',3,''),(44,'2014-04-08 00:09:33',1,8,'35','Default Route, 35',3,''),(45,'2014-04-08 00:09:33',1,8,'34','Default Route, 34',3,''),(46,'2014-04-08 00:09:33',1,8,'33','Default Route, 33',3,''),(47,'2014-04-08 00:09:33',1,8,'32','Default Route, 32',3,''),(48,'2014-04-08 00:09:33',1,8,'31','Default Route, 31',3,''),(49,'2014-04-08 00:09:33',1,8,'30','Default Route, 30',3,''),(50,'2014-04-08 00:09:33',1,8,'28','Default Route, 28',3,''),(51,'2014-04-08 00:09:33',1,8,'27','Default Route, 27',3,''),(52,'2014-04-08 00:09:33',1,8,'26','Default Route, 26',3,''),(53,'2014-04-08 00:09:33',1,8,'25','Default Route, 25',3,''),(54,'2014-04-08 00:09:33',1,8,'24','Default Route, 24',3,''),(55,'2014-04-08 00:09:33',1,8,'23','Default Route, 23',3,''),(56,'2014-04-08 00:09:33',1,8,'22','Default Route, 22',3,''),(57,'2014-04-08 00:09:33',1,8,'21','Default Route, 21',3,''),(58,'2014-04-08 00:09:33',1,8,'20','Default Route, 20',3,''),(59,'2014-04-08 00:09:33',1,8,'19','Default Route, 19',3,''),(60,'2014-04-08 00:09:33',1,8,'18','Default Route, 18',3,''),(61,'2014-04-08 00:09:33',1,8,'17','Default Route, 17',3,''),(62,'2014-04-08 00:09:33',1,8,'16','Default Route, 16',3,''),(63,'2014-04-08 00:09:33',1,8,'15','Default Route, 15',3,''),(64,'2014-04-08 00:09:33',1,8,'14','Default Route, 14',3,''),(65,'2014-04-08 00:09:33',1,8,'13','this is a route., 13',3,''),(66,'2014-04-08 00:09:33',1,8,'12','this is a route., 12',3,''),(67,'2014-04-08 00:09:33',1,8,'11','this is a route., 11',3,''),(68,'2014-04-08 00:09:33',1,8,'10','this is a route., 10',3,''),(69,'2014-04-08 00:09:33',1,8,'9','this is a route., 9',3,''),(70,'2014-04-08 00:09:33',1,8,'8','this is a route., 8',3,''),(71,'2014-04-08 00:09:33',1,8,'7','this is a route., 7',3,''),(72,'2014-04-08 00:09:33',1,8,'6','this is a route., 6',3,''),(73,'2014-04-08 00:09:33',1,8,'5','this is a route., 5',3,''),(74,'2014-04-08 00:09:33',1,8,'4','this is a route., 4',3,''),(75,'2014-04-08 00:09:33',1,8,'3','this is a route., 3',3,''),(76,'2014-04-08 00:09:33',1,8,'2','FOOBOB, 2',3,''),(77,'2014-04-08 00:09:33',1,8,'1','TestRoute, 1',3,''),(78,'2014-04-08 01:01:11',1,8,'60','Trails, Overton, 60',2,'Changed name.'),(79,'2014-04-08 01:03:49',1,8,'58','Reece, Campus, 58',2,'Changed name.'),(80,'2014-04-08 01:05:05',1,8,'58','Reece, Tanya\'s, 58',2,'Changed name.'),(81,'2014-04-08 01:05:41',1,8,'59','Default Route, 59',3,''),(82,'2014-04-08 01:05:41',1,8,'57','Default Route, 57',3,''),(83,'2014-04-08 01:05:53',1,8,'56','Default Route, 56',3,''),(84,'2014-04-08 01:06:08',1,8,'55','Default Route, 55',3,''),(85,'2014-04-08 01:06:42',1,8,'53','Engineering Key, 53',2,'Changed name.'),(86,'2014-04-08 01:06:58',1,8,'54','Default Route, 54',3,''),(87,'2014-04-08 01:07:40',1,8,'29','Good Route, 29',3,''),(88,'2014-04-09 17:51:31',1,8,'62','Default Route, 62',3,''),(89,'2014-04-09 17:51:42',1,8,'63','Default Route, 63',3,''),(90,'2014-04-09 17:51:58',1,8,'61','Default Route, 61',3,''),(91,'2014-04-09 17:52:21',1,8,'64','Trails, Overton, VIllages, 64',2,'Changed name.'),(92,'2014-04-09 17:52:53',1,8,'60','Trails, Overton, 60',3,''),(93,'2014-04-09 21:05:14',1,8,'68','cat, 68',3,''),(94,'2014-04-09 21:05:14',1,8,'67','cat, 67',3,''),(95,'2014-04-09 21:05:14',1,8,'65','foo, 65',3,''),(96,'2014-04-09 21:05:42',1,8,'66','Villages, 66',2,'Changed name.'),(97,'2014-04-09 22:27:23',1,8,'71','trails, overton, 71',3,''),(98,'2014-04-09 22:27:23',1,8,'70','Too Route, 70',3,''),(99,'2014-04-09 22:27:23',1,8,'69','foo, 69',3,''),(100,'2014-04-22 21:11:38',1,12,'1','StopSubscription object',1,''),(101,'2014-04-22 21:22:49',1,9,'118','foo test stop 118',2,'Changed name.'),(102,'2014-04-22 22:10:45',1,12,'1','StopSubscription object',2,'Changed device.'),(103,'2014-04-28 22:37:59',1,9,'123','Stop A 123',2,'Changed name.'),(104,'2014-04-28 22:38:04',1,9,'122','Stop B 122',2,'Changed name.'),(105,'2014-04-28 22:38:11',1,9,'121','Stop C 121',2,'Changed name.'),(106,'2014-04-28 22:38:17',1,9,'120','Stop D 120',2,'Changed name.'),(107,'2014-04-28 22:38:24',1,9,'119','Stop E 119',2,'Changed name.'),(108,'2014-04-28 22:38:31',1,9,'118','Stop F 118',2,'Changed name.'),(109,'2014-04-28 22:38:40',1,9,'117','Stop G 117',2,'Changed name.');
/*!40000 ALTER TABLE `django_admin_log` ENABLE KEYS */;
UNLOCK TABLES;

--
-- Table structure for table `django_content_type`
--

DROP TABLE IF EXISTS `django_content_type`;
/*!40101 SET @saved_cs_client     = @@character_set_client */;
/*!40101 SET character_set_client = utf8 */;
CREATE TABLE `django_content_type` (
  `id` int(11) NOT NULL AUTO_INCREMENT,
  `name` varchar(100) NOT NULL,
  `app_label` varchar(100) NOT NULL,
  `model` varchar(100) NOT NULL,
  PRIMARY KEY (`id`),
  UNIQUE KEY `app_label` (`app_label`,`model`)
) ENGINE=InnoDB AUTO_INCREMENT=13 DEFAULT CHARSET=latin1;
/*!40101 SET character_set_client = @saved_cs_client */;

--
-- Dumping data for table `django_content_type`
--

LOCK TABLES `django_content_type` WRITE;
/*!40000 ALTER TABLE `django_content_type` DISABLE KEYS */;
INSERT INTO `django_content_type` VALUES (1,'permission','auth','permission'),(2,'group','auth','group'),(3,'user','auth','user'),(4,'content type','contenttypes','contenttype'),(5,'session','sessions','session'),(6,'site','sites','site'),(7,'log entry','admin','logentry'),(8,'bus wroute','routeservice','buswroute'),(9,'bus stop','routeservice','busstop'),(10,'coordinate','routeservice','coordinate'),(11,'real time coordinates','routeservice','realtimecoordinates'),(12,'stop subscription','routeservice','stopsubscription');
/*!40000 ALTER TABLE `django_content_type` ENABLE KEYS */;
UNLOCK TABLES;

--
-- Table structure for table `django_session`
--

DROP TABLE IF EXISTS `django_session`;
/*!40101 SET @saved_cs_client     = @@character_set_client */;
/*!40101 SET character_set_client = utf8 */;
CREATE TABLE `django_session` (
  `session_key` varchar(40) NOT NULL,
  `session_data` longtext NOT NULL,
  `expire_date` datetime NOT NULL,
  PRIMARY KEY (`session_key`),
  KEY `django_session_b7b81f0c` (`expire_date`)
) ENGINE=InnoDB DEFAULT CHARSET=latin1;
/*!40101 SET character_set_client = @saved_cs_client */;

--
-- Dumping data for table `django_session`
--

LOCK TABLES `django_session` WRITE;
/*!40000 ALTER TABLE `django_session` DISABLE KEYS */;
INSERT INTO `django_session` VALUES ('489ah1re7ytpr8l9czqvqha9y1thl2vr','YTI2OTViN2Q1MzBlN2MyNDM3YTE0ZjIzNDhjZTYyZTViMTQzMzFiYzqAAn1xAShVEl9hdXRoX3VzZXJfYmFja2VuZHECVSlkamFuZ28uY29udHJpYi5hdXRoLmJhY2tlbmRzLk1vZGVsQmFja2VuZHEDVQ1fYXV0aF91c2VyX2lkcQSKAQF1Lg==','2014-04-16 22:52:43'),('g5fcxygkf61yopn6hqp98mturfo9ef0g','YTI2OTViN2Q1MzBlN2MyNDM3YTE0ZjIzNDhjZTYyZTViMTQzMzFiYzqAAn1xAShVEl9hdXRoX3VzZXJfYmFja2VuZHECVSlkamFuZ28uY29udHJpYi5hdXRoLmJhY2tlbmRzLk1vZGVsQmFja2VuZHEDVQ1fYXV0aF91c2VyX2lkcQSKAQF1Lg==','2014-05-06 20:10:51'),('gbilc4l9k73lk9fcoggff1bvj0bajhpl','MmM2MDhkNjcwOGQ4OTE0NjI3ZDljYzA3NTI3NmQ4YjA3YzU1MTQyODqAAn1xAVgKAAAAdGVzdGNvb2tpZVgGAAAAd29ya2VkcQJzLg==','2014-05-07 23:54:05'),('oa6zm4qbdz3dttvfndhez22inzhunaqc','YTI2OTViN2Q1MzBlN2MyNDM3YTE0ZjIzNDhjZTYyZTViMTQzMzFiYzqAAn1xAShVEl9hdXRoX3VzZXJfYmFja2VuZHECVSlkamFuZ28uY29udHJpYi5hdXRoLmJhY2tlbmRzLk1vZGVsQmFja2VuZHEDVQ1fYXV0aF91c2VyX2lkcQSKAQF1Lg==','2014-04-23 22:24:54');
/*!40000 ALTER TABLE `django_session` ENABLE KEYS */;
UNLOCK TABLES;

--
-- Table structure for table `django_site`
--

DROP TABLE IF EXISTS `django_site`;
/*!40101 SET @saved_cs_client     = @@character_set_client */;
/*!40101 SET character_set_client = utf8 */;
CREATE TABLE `django_site` (
  `id` int(11) NOT NULL AUTO_INCREMENT,
  `domain` varchar(100) NOT NULL,
  `name` varchar(50) NOT NULL,
  PRIMARY KEY (`id`)
) ENGINE=InnoDB AUTO_INCREMENT=2 DEFAULT CHARSET=latin1;
/*!40101 SET character_set_client = @saved_cs_client */;

--
-- Dumping data for table `django_site`
--

LOCK TABLES `django_site` WRITE;
/*!40000 ALTER TABLE `django_site` DISABLE KEYS */;
INSERT INTO `django_site` VALUES (1,'example.com','example.com');
/*!40000 ALTER TABLE `django_site` ENABLE KEYS */;
UNLOCK TABLES;

--
-- Table structure for table `routeservice_busstop`
--

DROP TABLE IF EXISTS `routeservice_busstop`;
/*!40101 SET @saved_cs_client     = @@character_set_client */;
/*!40101 SET character_set_client = utf8 */;
CREATE TABLE `routeservice_busstop` (
  `id` int(11) NOT NULL AUTO_INCREMENT,
  `name` varchar(300) NOT NULL,
  `route_id` int(11) NOT NULL,
  `lat` decimal(25,20) NOT NULL,
  `lng` decimal(25,20) NOT NULL,
  PRIMARY KEY (`id`),
  KEY `routeservice_busstop_854631fb` (`route_id`),
  CONSTRAINT `route_id_refs_id_2b2f4bea` FOREIGN KEY (`route_id`) REFERENCES `routeservice_buswroute` (`id`)
) ENGINE=InnoDB AUTO_INCREMENT=130 DEFAULT CHARSET=latin1;
/*!40101 SET character_set_client = @saved_cs_client */;

--
-- Dumping data for table `routeservice_busstop`
--

LOCK TABLES `routeservice_busstop` WRITE;
/*!40000 ALTER TABLE `routeservice_busstop` DISABLE KEYS */;
INSERT INTO `routeservice_busstop` VALUES (117,'Stop G',64,33.59012760221958000000,-101.86939154751599000000),(118,'Stop F',64,33.59012630302459000000,-101.86556654982269000000),(119,'Stop E',64,33.58554085716605000000,-101.86492592096329000000),(120,'Stop D',64,33.58559110667556500000,-101.87313373200595000000),(121,'Stop C',66,33.58550183940679000000,-101.87301663681865000000),(122,'Stop B',66,33.58740809373557600000,-101.86018385924399000000),(123,'Stop A',66,33.59012378845364000000,-101.86548935249448000000),(124,'test',73,33.58147898000000000000,-101.86725324000000000000),(125,'A',74,33.58155916000000000000,-101.86723780000000000000),(126,'B',74,33.58155916000000000000,-101.86723780000000000000),(127,'123',76,33.58906305000000000000,-101.87569637000000000000),(128,'12345',76,33.58902245000000000000,-101.87570077000000000000),(129,'1234567',76,33.58898700000000000000,-101.87570811000000000000);
/*!40000 ALTER TABLE `routeservice_busstop` ENABLE KEYS */;
UNLOCK TABLES;

--
-- Table structure for table `routeservice_buswroute`
--

DROP TABLE IF EXISTS `routeservice_buswroute`;
/*!40101 SET @saved_cs_client     = @@character_set_client */;
/*!40101 SET character_set_client = utf8 */;
CREATE TABLE `routeservice_buswroute` (
  `id` int(11) NOT NULL AUTO_INCREMENT,
  `name` varchar(200) NOT NULL,
  PRIMARY KEY (`id`)
) ENGINE=InnoDB AUTO_INCREMENT=78 DEFAULT CHARSET=latin1;
/*!40101 SET character_set_client = @saved_cs_client */;

--
-- Dumping data for table `routeservice_buswroute`
--

LOCK TABLES `routeservice_buswroute` WRITE;
/*!40000 ALTER TABLE `routeservice_buswroute` DISABLE KEYS */;
INSERT INTO `routeservice_buswroute` VALUES (53,'Engineering Key'),(58,'Reece, Tanya\'s'),(64,'Trails, Overton, VIllages'),(66,'Villages'),(72,'stephens'),(73,'test'),(74,'Route B'),(75,'Route c '),(76,'tre'),(77,'tre');
/*!40000 ALTER TABLE `routeservice_buswroute` ENABLE KEYS */;
UNLOCK TABLES;

--
-- Table structure for table `routeservice_coordinate`
--

DROP TABLE IF EXISTS `routeservice_coordinate`;
/*!40101 SET @saved_cs_client     = @@character_set_client */;
/*!40101 SET character_set_client = utf8 */;
CREATE TABLE `routeservice_coordinate` (
  `id` int(11) NOT NULL AUTO_INCREMENT,
  `lat` decimal(25,20) NOT NULL,
  `lng` decimal(25,20) NOT NULL,
  `route_id` int(11) NOT NULL,
  PRIMARY KEY (`id`),
  KEY `routeservice_coordinate_854631fb` (`route_id`),
  CONSTRAINT `route_id_refs_id_b3adf6b5` FOREIGN KEY (`route_id`) REFERENCES `routeservice_buswroute` (`id`)
) ENGINE=InnoDB AUTO_INCREMENT=4033 DEFAULT CHARSET=latin1;
/*!40101 SET character_set_client = @saved_cs_client */;

--
-- Dumping data for table `routeservice_coordinate`
--

LOCK TABLES `routeservice_coordinate` WRITE;
/*!40000 ALTER TABLE `routeservice_coordinate` DISABLE KEYS */;
INSERT INTO `routeservice_coordinate` VALUES (551,33.58608065173030000000,-101.87490281648934000000,53),(552,33.58607214409858000000,-101.87489879317582000000,53),(553,33.58606166671961500000,-101.87489627860487000000,53),(554,33.58605068642646000000,-101.87489569187164000000,53),(555,33.58603941276669500000,-101.87489627860487000000,53),(556,33.58602943830192000000,-101.87489611096680000000,53),(557,33.58600927982479000000,-101.87489803880453000000,53),(558,33.58599666506052000000,-101.87489745207131000000,53),(559,33.58598337974399000000,-101.87489728443325000000,53),(560,33.58596883714199000000,-101.87489720061421000000,53),(561,33.58595534227788400000,-101.87489870935678000000,53),(562,33.58594335615635000000,-101.87490030191839000000,53),(563,33.58593036420643000000,-101.87490038573742000000,53),(564,33.58591837808490000000,-101.87489996664226000000,53),(565,33.58590584713966000000,-101.87489921227098000000,53),(566,33.58589348383248000000,-101.87489904463291000000,53),(567,33.58588225208223000000,-101.87490055337548000000,53),(568,33.58587026596069000000,-101.87490340322256000000,53),(569,33.58585853129625000000,-101.87490683980286000000,53),(570,33.58584688045084500000,-101.87491061165929000000,53),(571,33.58583552297205000000,-101.87491245567799000000,53),(572,33.58582412358373400000,-101.87491404823959000000,53),(573,33.58581159263849000000,-101.87491421587765000000,53),(574,33.58579893596470400000,-101.87491513788700000000,53),(575,33.58578648883849400000,-101.87491589225829000000,53),(576,33.58577270060778000000,-101.87491421587765000000,53),(577,33.58575987629592400000,-101.87491396442056000000,53),(578,33.58574751298874600000,-101.87491337768734000000,53),(579,33.58573716133833000000,-101.87491522170603000000,53),(580,33.58572626486420600000,-101.87491756863892000000,53),(581,33.58571511693299000000,-101.87491890974343000000,53),(582,33.58570287935436000000,-101.87491849064827000000,53),(583,33.58569068368524000000,-101.87491698190570000000,53),(584,33.58567760791629600000,-101.87491605989635000000,53),(585,33.58566432259977000000,-101.87491446733475000000,53),(586,33.58565082773566000000,-101.87491270713508000000,53),(587,33.58563779387623000000,-101.87491220422089000000,53),(588,33.58562421519309000000,-101.87491111457348000000,53),(589,33.58561088796705000000,-101.87490960583091000000,53),(590,33.58559827320278000000,-101.87490734271705000000,53),(591,33.58558704145253000000,-101.87490189447999000000,53),(592,33.58557761181146000000,-101.87489200383425000000,53),(593,33.58557216357440000000,-101.87487733550370000000,53),(594,33.58556935563683500000,-101.87486023642123000000,53),(595,33.58556726016104000000,-101.87484188005328000000,53),(596,33.58556596096605000000,-101.87482327222824000000,53),(597,33.58556650578976000000,-101.87480407766998000000,53),(598,33.58556776307523000000,-101.87478588894010000000,53),(599,33.58556809835136000000,-101.87476728111506000000,53),(600,33.58556969091296000000,-101.87475068494678000000,53),(601,33.58557078056037400000,-101.87473350204527000000,53),(602,33.58557103201747000000,-101.87471581622958000000,53),(603,33.58557170256972000000,-101.87469813041389000000,53),(604,33.58557207975536600000,-101.87467969022691000000,53),(605,33.58557295985520000000,-101.87466091476381000000,53),(606,33.58557421714067500000,-101.87464197166264000000,53),(607,33.58557518105954000000,-101.87462361529470000000,53),(608,33.58557585161179000000,-101.87460618093610000000,53),(609,33.58557618688792000000,-101.87458916567266000000,53),(610,33.58557614497840400000,-101.87457223422825000000,53),(611,33.58557467814535000000,-101.87455236911774000000,53),(612,33.58557329513132600000,-101.87453334219754000000,53),(613,33.58557191211730000000,-101.87451515346766000000,53),(614,33.58557140920311000000,-101.87449738383293000000,53),(615,33.58557115774602000000,-101.87447743490338000000,53),(616,33.58557228930294500000,-101.87445891089737000000,53),(617,33.58557438477874000000,-101.87444172799587000000,53),(618,33.58557610306889000000,-101.87442521564662000000,53),(619,33.58557920437306000000,-101.87440987676382000000,53),(620,33.58558406587690000000,-101.87439780682325000000,53),(621,33.58559177722782000000,-101.87439210712910000000,53),(622,33.58560045249760000000,-101.87438867054880000000,53),(623,33.58562040142715000000,-101.87439051456750000000,53),(624,33.58563167508691500000,-101.87439386732876000000,53),(625,33.58564307447523000000,-101.87439738772810000000,53),(626,33.58565535396337500000,-101.87439973466098000000,53),(627,33.58566910028457600000,-101.87440183013678000000,53),(628,33.58568326570093600000,-101.87440317124128000000,53),(629,33.58570007141679500000,-101.87440409325063000000,53),(630,33.58571637421846400000,-101.87440476380289000000,53),(631,33.58573276083916400000,-101.87440669164062000000,53),(632,33.58574847690761000000,-101.87440786510706000000,53),(633,33.58576440252364000000,-101.87440912239254000000,53),(634,33.58577982522547000000,-101.87440945766866000000,53),(635,33.58579579275101400000,-101.87441029585898000000,53),(636,33.58581276610494000000,-101.87441071495414000000,53),(637,33.58582743443549000000,-101.87441281042993000000,53),(638,33.58584289904684000000,-101.87441415153444000000,53),(639,33.58585681300610000000,-101.87441507354379000000,53),(640,33.58587106224149500000,-101.87441599555314000000,53),(641,33.58588493429124400000,-101.87441666610539000000,53),(642,33.58590002171695000000,-101.87441658228636000000,53),(643,33.58591557014733600000,-101.87441658228636000000,53),(644,33.58592994511127500000,-101.87441691756248000000,53),(645,33.58594297897071000000,-101.87441750429570000000,53),(646,33.58595639001578000000,-101.87441825866699000000,53),(647,33.58596967533231000000,-101.87441834248602000000,53),(648,33.58598346356302500000,-101.87441817484796000000,53),(649,33.58599733561277400000,-101.87441851012409000000,53),(650,33.58601233921945000000,-101.87441825866699000000,53),(651,33.58602700755000000000,-101.87441943213344000000,53),(652,33.58604305889457500000,-101.87442052178085000000,53),(653,33.58606112189591000000,-101.87442203052342000000,53),(654,33.58607805334031600000,-101.87442320398986000000,53),(655,33.58609339222312000000,-101.87442395836115000000,53),(656,33.58610873110592400000,-101.87442563474178000000,53),(657,33.58612356707454000000,-101.87442865222692000000,53),(658,33.58613836113363500000,-101.87443049624562000000,53),(659,33.58615458011627000000,-101.87443007715046000000,53),(660,33.58617038000375000000,-101.87443041242659000000,53),(661,33.58618739526719000000,-101.87443049624562000000,53),(662,33.58620193786919000000,-101.87443032860756000000,53),(663,33.58621673192829000000,-101.87443024478853000000,53),(664,33.58623228035867000000,-101.87443049624562000000,53),(665,33.58624908607453000000,-101.87443066388369000000,53),(666,33.58626325149089000000,-101.87443125061691000000,53),(667,33.58627720735967000000,-101.87443166971207000000,53),(668,33.58629225287586500000,-101.87443125061691000000,53),(669,33.58630637638271000000,-101.87443133443594000000,53),(670,33.58632129617035400000,-101.87443099915981000000,53),(671,33.58633642550558000000,-101.87443049624562000000,53),(672,33.58635201584548000000,-101.87443099915981000000,53),(673,33.58636831864714600000,-101.87443259172142000000,53),(674,33.58638399280608000000,-101.87443317845464000000,53),(675,33.58639832586050000000,-101.87443443574011000000,53),(676,33.58641219791025000000,-101.87443586066365000000,53),(677,33.58642594423145000000,-101.87443661503494000000,53),(678,33.58644044492394000000,-101.87443695031106000000,53),(679,33.58645557425916000000,-101.87443569302559000000,53),(680,33.58646961394697400000,-101.87443485483527000000,53),(681,33.58648340217769000000,-101.87443510629237000000,53),(682,33.58649781905115000000,-101.87443552538753000000,53),(683,33.58651244547218000000,-101.87443502247334000000,53),(684,33.58652791008353000000,-101.87443502247334000000,53),(685,33.58654241077602000000,-101.87443519011140000000,53),(686,33.58655728865415000000,-101.87443443574011000000,53),(687,33.58657262753695000000,-101.87443368136883000000,53),(688,33.58658750541508000000,-101.87443368136883000000,53),(689,33.58660179655999000000,-101.87443342991173000000,53),(690,33.58661520760506400000,-101.87443301081657000000,53),(691,33.58662891201675000000,-101.87443359754980000000,53),(692,33.58664056286216000000,-101.87443611212075000000,53),(693,33.58665229752660000000,-101.87443954870105000000,53),(694,33.58666495420039000000,-101.87444415874779000000,53),(695,33.58667513821274000000,-101.87445295974612000000,53),(696,33.58668352011591000000,-101.87446611933410000000,53),(697,33.58668699860573000000,-101.87448447570205000000,53),(698,33.58668909408152000000,-101.87450249679387000000,53),(699,33.58669014181942000000,-101.87452211044729000000,53),(700,33.58669085428119000000,-101.87454222701490000000,53),(701,33.58669169247150400000,-101.87456167303026000000,53),(702,33.58669177629053600000,-101.87458036467433000000,53),(703,33.58669215347618000000,-101.87459972687066000000,53),(704,33.58669261448085000000,-101.87461808323860000000,53),(705,33.58669269829988500000,-101.87463576905430000000,53),(706,33.58669315930456000000,-101.87465370632708000000,53),(707,33.58669357839972000000,-101.87467105686665000000,53),(708,33.58669294975698000000,-101.87468941323459000000,53),(709,33.58669278211892000000,-101.87470818869770000000,53),(710,33.58669265639037000000,-101.87472662888467000000,53),(711,33.58669290784746400000,-101.87474448233843000000,53),(712,33.58669265639037000000,-101.87476409599185000000,53),(713,33.58669206965715000000,-101.87478362582624000000,53),(714,33.58669223729521000000,-101.87480131164193000000,53),(715,33.58669253066182000000,-101.87481924891472000000,53),(716,33.58669269829988500000,-101.87483718618750000000,53),(717,33.58669227920472600000,-101.87485503964126000000,53),(718,33.58669232111424000000,-101.87487264163792000000,53),(719,33.58669211156666000000,-101.87489007599652000000,53),(720,33.58669152483344000000,-101.87490625306964000000,53),(721,33.58669169247150400000,-101.87492201104760000000,53),(722,33.58668917790055000000,-101.87493366189301000000,53),(723,33.58668385539204000000,-101.87494288198650000000,53),(724,33.58667555730790000000,-101.87494816258550000000,53),(725,33.58666235581040400000,-101.87494916841388000000,53),(726,33.58664789702743000000,-101.87495025806129000000,53),(727,33.58663276769221000000,-101.87495084479451000000,53),(728,33.58661650680005600000,-101.87494908459485000000,53),(729,33.58660028781742000000,-101.87494824640453000000,53),(730,33.58658444602042400000,-101.87494707293808000000,53),(731,33.58656856231391400000,-101.87494598329067000000,53),(732,33.58655204996466600000,-101.87494623474777000000,53),(733,33.58653654344380000000,-101.87494648620486000000,53),(734,33.58652292285114500000,-101.87494765967130000000,53),(735,33.58650917652994400000,-101.87494891695678000000,53),(736,33.58649392146617000000,-101.87494967132807000000,53),(737,33.58647774439305000000,-101.87494967132807000000,53),(738,33.58646202832460400000,-101.87495252117515000000,53),(739,33.58644719235599000000,-101.87495713122189000000,53),(740,33.58643218874931000000,-101.87495989724994000000,53),(741,33.58641756232828000000,-101.87496006488800000000,53),(742,33.58640079852193600000,-101.87495822086930000000,53),(743,33.58638474717736000000,-101.87495704740286000000,53),(744,33.58636898919940000000,-101.87495537102222000000,53),(745,33.58635318931192000000,-101.87495428137481000000,53),(746,33.58633843716234000000,-101.87495394609869000000,53),(747,33.58632351737469400000,-101.87495428137481000000,53),(748,33.58630889095366000000,-101.87495537102222000000,53),(749,33.58629464171827000000,-101.87495478428900000000,53),(750,33.58627988956869000000,-101.87495402991772000000,53),(751,33.58626488596201000000,-101.87495361082256000000,53),(752,33.58625067863613400000,-101.87495495192707000000,53),(753,33.58623634558171000000,-101.87495319172740000000,53),(754,33.58622234780341400000,-101.87495235353708000000,53),(755,33.58620767947286400000,-101.87495235353708000000,53),(756,33.58619301114231000000,-101.87495143152773000000,53),(757,33.58617884572595400000,-101.87495210207999000000,53),(758,33.58616530895233000000,-101.87495159916580000000,53),(759,33.58615240082145000000,-101.87495076097548000000,53),(760,33.58613915741443600000,-101.87495034188032000000,53),(761,33.58612562064081400000,-101.87494908459485000000,53),(901,33.58884751796722400000,-102.03197247348726000000,58),(902,33.58879475388676000000,-102.03192142769694000000,58),(903,33.58873909804970000000,-102.03187784180045000000,58),(904,33.58868302311748000000,-102.03183911740780000000,58),(905,33.58862326014787000000,-102.03181690536440000000,58),(906,33.58855683356523500000,-102.03180056065321000000,58),(907,33.58848466537893000000,-102.03179058618844000000,58),(908,33.58840390574187000000,-102.03178698197007000000,58),(909,33.58832465484738000000,-102.03178605996072000000,58),(910,33.58825248666108000000,-102.03178170137107000000,58),(911,33.58818396460265000000,-102.03177977353334000000,58),(912,33.58812009450048000000,-102.03177499584854000000,58),(913,33.58806091826409000000,-102.03176753595471000000,58),(914,33.58800827991217400000,-102.03175580129027000000,58),(915,33.58796251472086000000,-102.03173752874136000000,58),(916,33.58793334569782000000,-102.03170651569963000000,58),(917,33.58791603706777000000,-102.03166879713535000000,58),(918,33.58790191356093000000,-102.03163451515138000000,58),(919,33.58791243284941000000,-102.03158053569496000000,58),(920,33.58794818166643400000,-102.03150920569897000000,58),(921,33.58800073619932000000,-102.03142287209630000000,58),(922,33.58806779142469000000,-102.03133528120816000000,58),(923,33.58815286774188000000,-102.03123989515007000000,58),(924,33.58825240284204500000,-102.03113160096109000000,58),(925,33.58836648054421000000,-102.03101425431669000000,58),(926,33.58853445388377000000,-102.03087151050568000000,58),(927,33.58865913469344400000,-102.03074787743390000000,58),(928,33.58876944053918000000,-102.03062986023724000000,58),(929,33.58887467533350000000,-102.03051284886897000000,58),(930,33.58897563535720000000,-102.03040011227131000000,58),(931,33.58906733337790000000,-102.03029382973910000000,58),(932,33.58915961813181600000,-102.03018796630204000000,58),(933,33.58925395645201000000,-102.03008009120822000000,58),(934,33.58934531919658000000,-102.02997732907534000000,58),(935,33.58943806495517500000,-102.02987389639020000000,58),(936,33.58953231945634000000,-102.02976970933378000000,58),(937,33.58962414320558000000,-102.02966518700123000000,58),(938,33.58971378766000000000,-102.02955538406968000000,58),(939,33.58980502467602500000,-102.02944189310074000000,58),(940,33.58990020118654000000,-102.02932521700859000000,58),(941,33.58999856282025600000,-102.02920644544065000000,58),(942,33.59009927138686000000,-102.02908624894917000000,58),(943,33.59020073432475000000,-102.02896756120026000000,58),(944,33.59030295163393000000,-102.02884761616588000000,58),(945,33.59040617477149000000,-102.02872490510345000000,58),(946,33.59050994273275000000,-102.02860328368843000000,58),(947,33.59061496797949000000,-102.02847956679761000000,58),(948,33.59071974176913500000,-102.02835484407842000000,58),(949,33.59082547947764400000,-102.02822886407375000000,58),(950,33.59093071427196000000,-102.02810120768845000000,58),(951,33.59103389550000400000,-102.02797573059797000000,58),(952,33.59113531652838000000,-102.02785310335457000000,58),(953,33.59123208560049500000,-102.02773198485374000000,58),(954,33.59132432844490000000,-102.02761388383806000000,58),(955,33.59141108114272400000,-102.02750592492521000000,58),(956,33.59149649273604000000,-102.02741079032421000000,58),(957,33.59158228151500000000,-102.02733158133924000000,58),(958,33.59167687129229000000,-102.02726829797030000000,58),(959,33.59177866950631000000,-102.02723678201437000000,58),(960,33.59187967143953000000,-102.02724021859467000000,58),(961,33.59198637306690000000,-102.02725304290652000000,58),(962,33.59209961257875000000,-102.02726176008582000000,58),(963,33.59222022816539000000,-102.02727173455060000000,58),(964,33.59234842937440000000,-102.02727458439767000000,58),(965,33.59247910324484000000,-102.02727701514960000000,58),(966,33.59261095058173000000,-102.02727307565510000000,58),(967,33.59273969661444400000,-102.02726955525577000000,58),(968,33.59286165330559000000,-102.02726804651320000000,58),(969,33.59297057613730400000,-102.02727081254125000000,58),(970,33.59306759666651500000,-102.02727433294058000000,58),(971,33.59315921086818000000,-102.02727693133056000000,58),(972,33.59323841985315000000,-102.02727626077831000000,58),(973,33.59330685809255000000,-102.02727483585477000000,58),(974,33.59336917754263000000,-102.02727307565510000000,58),(975,33.59342018142342600000,-102.02726553194225000000,58),(976,33.59346603043377400000,-102.02723728492856000000,58),(977,33.59350085724145000000,-102.02718556858599000000,58),(978,33.59352692496031500000,-102.02711717225611000000,58),(979,33.59353803098202000000,-102.02703167684376000000,58),(980,33.59353945590556000000,-102.02692581340670000000,58),(981,33.59353995881975000000,-102.02682062052190000000,58),(982,33.59353849198669000000,-102.02672188170254000000,58),(983,33.59353421721607400000,-102.02663487754762000000,58),(984,33.59351829160005000000,-102.02656430192292000000,58),(985,33.59348451253027000000,-102.02650940045714000000,58),(986,33.59342009760439400000,-102.02648425474763000000,58),(987,33.59332622028887000000,-102.02649196609855000000,58),(988,33.59323569573462000000,-102.02649020589888000000,58),(989,33.59313067048788000000,-102.02648517675698000000,58),(990,33.59301738906652000000,-102.02648559585214000000,58),(991,33.59289979096502000000,-102.02649012207985000000,58),(992,33.59278307296336000000,-102.02648844569921000000,58),(993,33.59266882762313000000,-102.02648743987083000000,58),(994,33.59255709685385000000,-102.02648802660406000000,58),(995,33.59245651401579400000,-102.02648517675698000000,58),(996,33.59236821066588000000,-102.02648115344346000000,58),(997,33.59228833112866000000,-102.02646975405514000000,58),(998,33.59221817459911000000,-102.02644016593695000000,58),(999,33.59216046519577500000,-102.02638685703278000000,58),(1000,33.59212303999811400000,-102.02631485648453000000,58),(1001,33.59211922623217000000,-102.02621326781810000000,58),(1002,33.59213360119611000000,-102.02608712017536000000,58),(1003,33.59214508440345500000,-102.02594404108822000000,58),(1004,33.59215258620679400000,-102.02579014934600000000,58),(1005,33.59215899836272000000,-102.02561748214066000000,58),(1006,33.59216637443751000000,-102.02543484047055000000,58),(1007,33.59217433724552400000,-102.02524976804852000000,58),(1008,33.59218112658709000000,-102.02505220659077000000,58),(1009,33.59218762256205000000,-102.02485104091465000000,58),(1010,33.59219281934202000000,-102.02464601956308000000,58),(1011,33.59219466336071500000,-102.02442524023354000000,58),(1012,33.59219654928893000000,-102.02419633045793000000,58),(1013,33.59219629783183000000,-102.02395484782755000000,58),(1014,33.59219520818442000000,-102.02371018007398000000,58),(1015,33.59219487290829400000,-102.02346006408334000000,58),(1016,33.59219495672732600000,-102.02320508658886000000,58),(1017,33.59219403471798000000,-102.02294482849538000000,58),(1018,33.59218950849026400000,-102.02267266809940000000,58),(1019,33.59218628145754000000,-102.02240528538823000000,58),(1020,33.59218598809093000000,-102.02214393764734000000,58),(1021,33.59218703582883000000,-102.02188066206872000000,58),(1022,33.59218925703317000000,-102.02161914668977000000,58),(1023,33.59219122678041500000,-102.02135612256825000000,58),(1024,33.59219348989427000000,-102.02109360136092000000,58),(1025,33.59219386707991400000,-102.02082730829716000000,58),(1026,33.59219424426555600000,-102.02056176960468000000,58),(1027,33.59219462145120000000,-102.02029514126480000000,58),(1028,33.59219474717975000000,-102.02002641744912000000,58),(1029,33.59219545964151600000,-102.01975878328085000000,58),(1030,33.59219663310796000000,-102.01948855072260000000,58),(1031,33.59220287762582000000,-102.00955121777952000000,58),(1032,33.59220191370696000000,-102.00944652780890000000,58),(1033,33.59219986014068000000,-102.00936052948236000000,58),(1034,33.59219851903617400000,-102.00929850339890000000,58),(1035,33.59219889622182000000,-102.00926187448204000000,58),(1036,33.59219864476472000000,-102.00923983007670000000,58),(1037,33.59219898004085000000,-102.00922901742160000000,58),(1038,33.59220090787858000000,-102.00921443291008000000,58),(1039,33.59220442827791000000,-102.00918258167803000000,58),(1040,33.59220962505787600000,-102.00912944041193000000,58),(1041,33.59221293590963000000,-102.00904989615083000000,58),(1042,33.59221222344786000000,-102.00893984176219000000,58),(1043,33.59221264254302000000,-102.00881537050009000000,58),(1044,33.59221100807190000000,-102.00867086648941000000,58),(1045,33.59220870304853000000,-102.00851001776755000000,58),(1046,33.59220719430595600000,-102.00833944603801000000,58),(1047,33.59220518264919500000,-102.00815739110112000000,58),(1048,33.59220287762582000000,-102.00796267949045000000,58),(1049,33.59220371581614000000,-102.00776528567076000000,58),(1050,33.59220405109227000000,-102.00755816884339000000,58),(1051,33.59220338054001000000,-102.00734375976026000000,58),(1052,33.59220132697373600000,-102.00711962766945000000,58),(1053,33.59219981823116500000,-102.00688862241805000000,58),(1054,33.59220019541681000000,-102.00665434822440000000,58),(1055,33.59220170415938000000,-102.00641563162208000000,58),(1056,33.59220283571631000000,-102.00617054477334000000,58),(1057,33.59220237471163000000,-102.00591984204948000000,58),(1058,33.59220149461180000000,-102.00566469691694000000,58),(1059,33.59220166224986000000,-102.00540737248957000000,58),(1060,33.59220187179744000000,-102.00514501892030000000,58),(1061,33.59220333863050000000,-102.00488233007490000000,58),(1062,33.59220405109227000000,-102.00461486354470000000,58),(1063,33.59220250044018000000,-102.00434027239680000000,58),(1064,33.59220182988793000000,-102.00406551361084000000,58),(1065,33.59220069833100000000,-102.00378564186394000000,58),(1066,33.59220103360712500000,-102.00350970961154000000,58),(1067,33.59220157843083000000,-102.00323754921556000000,58),(1068,33.59220233280212000000,-102.00296513736248000000,58),(1069,33.59220178797841000000,-102.00268928892910000000,58),(1070,33.59220032114535600000,-102.00241176411510000000,58),(1071,33.59219948295504000000,-102.00213499367237000000,58),(1072,33.59219981823116500000,-102.00186057016253000000,58),(1073,33.59220015350729000000,-102.00158732011914000000,58),(1074,33.59220002777874500000,-102.00131465680897000000,58),(1075,33.59220048878342000000,-102.00104216113687000000,58),(1076,33.59220132697373600000,-102.00076907873154000000,58),(1077,33.59220308717340000000,-102.00049700215459000000,58),(1078,33.59220568556338500000,-102.00022425502539000000,58),(1079,33.59220715239644000000,-101.99995075352490000000,58),(1080,33.59220690093934500000,-101.99967649765313000000,58),(1081,33.59220711048692500000,-101.99940282851458000000,58),(1082,33.59220815822482000000,-101.99912815354764000000,58),(1083,33.59220966696739000000,-101.99885297566652000000,58),(1084,33.59221054706722500000,-101.99857746250927000000,58),(1085,33.59221088234335000000,-101.99830194935203000000,58),(1086,33.59221184626222000000,-101.99802836403250000000,58),(1087,33.59221226535737500000,-101.99775419197977000000,58),(1088,33.59221167862415000000,-101.99747834354639000000,58),(1089,33.59221226535737500000,-101.99720383621752000000,58),(1090,33.59221226535737500000,-101.99692714959383000000,58),(1091,33.59221264254302000000,-101.99665113352239000000,58),(1092,33.59221272636205000000,-101.99637511745095000000,58),(1093,33.59221209771931000000,-101.99609868228436000000,58),(1094,33.59221138525754000000,-101.99582166038454000000,58),(1095,33.59221104998141500000,-101.99554530903697000000,58),(1096,33.59221016988158000000,-101.99526862241328000000,58),(1097,33.59220996033400000000,-101.99499302543700000000,58),(1098,33.59221088234335000000,-101.99471516534686000000,58),(1099,33.59221276827156500000,-101.99443227611482000000,58),(1100,33.59221410937607000000,-101.99414527975023000000,58),(1101,33.59221486374736000000,-101.99385434389114000000,58),(1102,33.59221591148525500000,-101.99356173165143000000,58),(1103,33.59221670776605600000,-101.99326861649752000000,58),(1104,33.59221800696105000000,-101.99297499842942000000,58),(1105,33.59221985097974500000,-101.99268171563745000000,58),(1106,33.59222094062716000000,-101.99238776229322000000,58),(1107,33.59222194645554000000,-101.99209414422512000000,58),(1108,33.59222303610295000000,-101.99180136434734000000,58),(1109,33.59222240746021000000,-101.99150766246021000000,58),(1110,33.59222068917006000000,-101.99121496640146000000,58),(1111,33.59221926424652000000,-101.99092294089496000000,58),(1112,33.59221888706088000000,-101.99062999337912000000,58),(1113,33.59221968334168000000,-101.99033687822521000000,58),(1114,33.59222035389393600000,-101.99004284106195000000,58),(1115,33.59222081489861000000,-101.98974930681288000000,58),(1116,33.59222115017474000000,-101.98945778422058000000,58),(1117,33.59222123399377000000,-101.98916584253311000000,58),(1118,33.59222177881747500000,-101.98887264356017000000,58),(1119,33.59222203027457000000,-101.98857936076820000000,58),(1120,33.59222148545086400000,-101.98828465305269000000,58),(1121,33.59222102444619000000,-101.98799162171781000000,58),(1122,33.59222085680812600000,-101.98769900947809000000,58),(1123,33.59222039580345000000,-101.98740539141000000000,58),(1124,33.59222060535103000000,-101.98711361736059000000,58),(1125,33.59222018625587000000,-101.98681932874024000000,58),(1126,33.59221955761313400000,-101.98652395047247000000,58),(1127,33.59222006052732500000,-101.98623234406114000000,58),(1128,33.59222031198442000000,-101.98594006709754000000,58),(1129,33.59222060535103000000,-101.98564737103880000000,58),(1130,33.59222027007490400000,-101.98535224422812000000,58),(1131,33.59222035389393600000,-101.98505862616003000000,58),(1132,33.59222182072699000000,-101.98476685211062000000,58),(1133,33.59222295228392000000,-101.98447139002383000000,58),(1134,33.59222534112632000000,-101.98417928069830000000,58),(1135,33.59222525730729000000,-101.98388046585023000000,58),(1136,33.59222525730729000000,-101.98358466848731000000,58),(1137,33.59222496394068000000,-101.98329172097147000000,58),(1138,33.59222437720746000000,-101.98300019837916000000,58),(1139,33.59222425147891000000,-101.98271169327200000000,58),(1140,33.59222261700779000000,-101.98242209851742000000,58),(1141,33.59222198836505400000,-101.98213443160057000000,58),(1142,33.59222316183150000000,-101.98184567503631000000,58),(1143,33.59222601167858000000,-101.98155842721462000000,58),(1144,33.59222831670195000000,-101.98127042502165000000,58),(1145,33.59222999308258000000,-101.98097940534353000000,58),(1146,33.59223108272999500000,-101.98068620637059000000,58),(1147,33.59223104082048000000,-101.98039158247411000000,58),(1148,33.59223003499210000000,-101.98009461164474000000,58),(1149,33.59222965780645600000,-101.97980141267180000000,58),(1150,33.59222898725420000000,-101.97950913570821000000,58),(1151,33.59222865197807600000,-101.97921912185848000000,58),(1152,33.59222731087357000000,-101.97892600670457000000,58),(1153,33.59222643077373500000,-101.97863473556936000000,58),(1154,33.59222454484552000000,-101.97834153659642000000,58),(1155,33.59222324565053000000,-101.97805060073733000000,58),(1156,33.59222265891731000000,-101.97775899432600000000,58),(1157,33.59222316183150000000,-101.97747124359012000000,58),(1158,33.59222203027457000000,-101.97717938572168000000,58),(1159,33.59222035389393600000,-101.97688467800617000000,58),(1160,33.59222043771297000000,-101.97659198194742000000,58),(1161,33.59222161117941000000,-101.97630196809769000000,58),(1162,33.59222161117941000000,-101.97600969113410000000,58),(1163,33.59222190454602000000,-101.97571883909404000000,58),(1164,33.59222286846489000000,-101.97542756795883000000,58),(1165,33.59222500585019600000,-101.97513638064265000000,58),(1166,33.59222705941647000000,-101.97484460659325000000,58),(1167,33.59222835861146500000,-101.97455325163901000000,58),(1168,33.59222827479243000000,-101.97426055558026000000,58),(1169,33.59222915489226600000,-101.97396861389280000000,58),(1170,33.59222902916372000000,-101.97367491200566000000,58),(1171,33.59222865197807600000,-101.97338070720434000000,58),(1172,33.59222881961614000000,-101.97308734059334000000,58),(1173,33.59222902916372000000,-101.97279422543943000000,58),(1174,33.59222919680178000000,-101.97250136174262000000,58),(1175,33.59222655650228000000,-101.97220439091325000000,58),(1176,33.59222190454602000000,-101.97190381586552000000,58),(1177,33.59222060535103000000,-101.97160994634032000000,58),(1178,33.59222073107958000000,-101.97131800465286000000,58),(1179,33.59222244936973000000,-101.97102715261280000000,58),(1180,33.59222383238375000000,-101.97073621675372000000,58),(1181,33.59222471248358500000,-101.97044494561851000000,58),(1182,33.59222601167858000000,-101.97015585377812000000,58),(1183,33.59222726896405000000,-101.96986583992839000000,58),(1184,33.59222844243049600000,-101.96957549080253000000,58),(1185,33.59222961589694000000,-101.96928505785763000000,58),(1186,33.59222944825888000000,-101.96898917667568000000,58),(1187,33.59222814906388500000,-101.96868935599923000000,58),(1188,33.59222735278308400000,-101.96839087642729000000,58),(1189,33.59222877770662000000,-101.96810002438724000000,58),(1190,33.59223083127290000000,-101.96781277656555000000,58),(1191,33.59223175328225000000,-101.96752318181098000000,58),(1192,33.59223187901080000000,-101.96723132394254000000,58),(1193,33.59223150182515400000,-101.96693745441735000000,58),(1194,33.59223087318241600000,-101.96664408780634000000,58),(1195,33.59223074745387000000,-101.96635591797530000000,58),(1196,33.59223037026822600000,-101.96607185527682000000,58),(1197,33.59222995117307000000,-101.96579240262508000000,58),(1198,33.59222953207791000000,-101.96551823057234000000,58),(1199,33.59222965780645600000,-101.96524967439473000000,58),(1200,33.59223020263016000000,-101.96498614735901000000,58),(1201,33.59223145991564000000,-101.96472597308457000000,58),(1202,33.59223183710128000000,-101.96446579881012000000,58),(1203,33.59223238192499000000,-101.96420621126890000000,58),(1204,33.59223129227757500000,-101.96394067257643000000,58),(1205,33.59222965780645600000,-101.96367236785590000000,58),(1206,33.59222957398742400000,-101.96340699680150000000,58),(1207,33.59223045408726000000,-101.96314447559416000000,58),(1208,33.59223229810595500000,-101.96288891136646000000,58),(1209,33.59223401639610500000,-101.96263653226197000000,58),(1210,33.59223430976271600000,-101.96238515898585000000,58),(1211,33.59223489649594000000,-101.96214225143194000000,58),(1212,33.59223531559110000000,-101.96190772578120000000,58),(1213,33.59223342966288000000,-101.96167227812111000000,58),(1214,33.59223099891096000000,-101.96143959648907000000,58),(1215,33.59222999308258000000,-101.96121227927506000000,58),(1216,33.59223083127290000000,-101.96099191904068000000,58),(1217,33.59222990926355000000,-101.96076870895922000000,58),(1218,33.59222823288292000000,-101.96054792962968000000,58),(1219,33.59222664032131400000,-101.96033108979464000000,58),(1220,33.59222789760679000000,-101.96012430824340000000,58),(1221,33.59222701750696000000,-101.95991601794958000000,58),(1222,33.59223083127290000000,-101.95972683839500000000,58),(1223,33.59223342966288000000,-101.95953866466880000000,58),(1224,33.59223535750061000000,-101.95935082621872000000,58),(1225,33.59223728533834000000,-101.95916843600571000000,58),(1226,33.59223946463317000000,-101.95898973383010000000,58),(1227,33.59224122483283000000,-101.95881312713027000000,58),(1228,33.59224357176572000000,-101.95864213630557000000,58),(1229,33.59224503859877600000,-101.95847206749022000000,58),(1230,33.59224604442716000000,-101.95830945856869000000,58),(1231,33.59224813990295000000,-101.95816000923514000000,58),(1232,33.59224876854569000000,-101.95802195928991000000,58),(1233,33.59224826563150000000,-101.95789153687656000000,58),(1234,33.59224801417440000000,-101.95777561515570000000,58),(1235,33.59224713407457000000,-101.95767310447991000000,58),(1236,33.59224671497941000000,-101.95758601650596000000,58),(1237,33.59224675688892600000,-101.95751954801380000000,58),(1238,33.59224675688892600000,-101.95747562684119000000,58),(1239,33.59224596060812500000,-101.95744285359979000000,58),(1240,33.59224566724151400000,-101.95742508396506000000,58),(1241,33.59224449377507000000,-101.95741242729127000000,58),(1242,33.59224294312298000000,-101.95739482529461000000,58),(1243,33.59224277548492000000,-101.95735786110163000000,58),(1244,33.59224302694201500000,-101.95729466155171000000,58),(1245,33.59224306885153000000,-101.95721176452935000000,58),(1246,33.59224323648959400000,-101.95709969848394000000,58),(1247,33.59224524814635500000,-101.95697329938412000000,58),(1248,33.59224839136004400000,-101.95683944039047000000,58),(1249,33.59224885236472000000,-101.95669342763722000000,58),(1250,33.59225274994969400000,-101.95654121227562000000,58),(1251,33.59225685708225000000,-101.95637558586895000000,58),(1252,33.59225807245821000000,-101.95619084872305000000,58),(1253,33.59225618652999400000,-101.95598901249468000000,58),(1254,33.59225417487323000000,-101.95578256621957000000,58),(1255,33.59225266613066000000,-101.95557293482125000000,58),(1256,33.59225057065487000000,-101.95535324513912000000,58),(1257,33.59225019346922600000,-101.95512374863029000000,58),(1258,33.59225040301680600000,-101.95489400066435000000,58),(1259,33.59225140884518600000,-101.95466450415552000000,58),(1260,33.59225145075470000000,-101.95442997850478000000,58),(1261,33.59225153457373400000,-101.95419084280730000000,58),(1262,33.59224994201213000000,-101.95394449867308000000,58),(1263,33.59225002583116000000,-101.95369932800531000000,58),(1264,33.59224931336939000000,-101.95344904437661000000,58),(1265,33.59224943909794000000,-101.95319733582437000000,58),(1266,33.59225010965019500000,-101.95294487290084000000,58),(1267,33.59225086402148000000,-101.95269006304443000000,58),(1268,33.59225212130695600000,-101.95243449881673000000,58),(1269,33.59225329477340000000,-101.95217658765614000000,58),(1270,33.59225576743483500000,-101.95192077197134000000,58),(1271,33.59225622843951000000,-101.95165649056435000000,58),(1272,33.59225798863917600000,-101.95139388553798000000,58),(1273,33.59225945547223000000,-101.95113161578774000000,58),(1274,33.59225840773433400000,-101.95087035186589000000,58),(1275,33.59225467778742000000,-101.95060648955405000000,58),(1276,33.59225082211196400000,-101.95034237578511000000,58),(1277,33.59224948100746000000,-101.95008211769164000000,58),(1278,33.59224960673600400000,-101.94982496090233000000,58),(1279,33.59224990010261500000,-101.94956704974174000000,58),(1280,33.59224952291697000000,-101.94930528290570000000,58),(1281,33.59224897809327000000,-101.94904292933643000000,58),(1282,33.59224801417440000000,-101.94878032431006000000,58),(1283,33.59224738553166400000,-101.94851914420724000000,58),(1284,33.59224755316973000000,-101.94826005958020000000,58),(1285,33.59224776271731000000,-101.94800089113414000000,58),(1286,33.59224977437407000000,-101.94774717092514000000,58),(1287,33.59225119929761000000,-101.94749127142131000000,58),(1288,33.59225132502615500000,-101.94723185151815000000,58),(1289,33.59225199557841000000,-101.94697477854788000000,58),(1290,33.59225316904485000000,-101.94671929813921000000,58),(1291,33.59225434251129600000,-101.94646365009248000000,58),(1292,33.59225601889193000000,-101.94621018134058000000,58),(1293,33.59225798863917600000,-101.94595520384610000000,58),(1294,33.59225941356271500000,-101.94569963961840000000,58),(1295,33.59226020984351600000,-101.94544600322843000000,58),(1296,33.59225941356271500000,-101.94519102573395000000,58),(1297,33.59225907828659000000,-101.94493847899139000000,58),(1298,33.59226050321013000000,-101.94469381123781000000,58),(1299,33.59226083848625400000,-101.94445123896003000000,58),(1300,33.59226008411497000000,-101.94421134889126000000,58),(1301,33.59226050321013000000,-101.94397506304085000000,58),(1302,33.59226259868592000000,-101.94374078884721000000,58),(1303,33.59226205386221400000,-101.94350408390164000000,58),(1304,33.59226427506655500000,-101.94328288547695000000,58),(1305,33.59226452652365000000,-101.94306478835642000000,58),(1306,33.59226373024285000000,-101.94284887053072000000,58),(1307,33.59226326923817400000,-101.94263915531337000000,58),(1308,33.59226490370929000000,-101.94244050420821000000,58),(1309,33.59226494561881000000,-101.94224470295012000000,58),(1310,33.59226402360946000000,-101.94205208681524000000,58),(1311,33.59226440079510000000,-101.94186525419354000000,58),(1312,33.59226398169994000000,-101.94167984649539000000,58),(1313,33.59226347878575000000,-101.94149938412010000000,58),(1314,33.59226335305720600000,-101.94132328033447000000,58),(1315,33.59226268250495000000,-101.94115329533815000000,58),(1316,33.59226146712899000000,-101.94098951295018000000,58),(1317,33.59226079657674000000,-101.94083394482732000000,58),(1318,33.59225803054869000000,-101.94067644886672000000,58),(1319,33.59225664753467000000,-101.94052658043802000000,58),(1320,33.59225865919143000000,-101.94039037451148000000,58),(1321,33.59225765336305000000,-101.94026355631650000000,58),(1322,33.59225627034902600000,-101.94015283137560000000,58),(1323,33.59225824009627000000,-101.94006280973554000000,58),(1324,33.59225769527256500000,-101.93999667651951000000,58),(1325,33.59225505497306600000,-101.93995853886008000000,58),(1326,33.59225702472031000000,-101.93996977061033000000,58),(1327,33.59225748572498600000,-101.93998754024506000000,58),(1328,33.59226150903851000000,-101.94000631570816000000,58),(1329,33.59226373024285000000,-101.94001838564873000000,58),(1330,33.59227119013667000000,-101.93999935872853000000,58),(1331,33.59227341134101000000,-101.93995359353721000000,58),(1332,33.59227542299777000000,-101.93988536484540000000,58),(1333,33.59227554872632000000,-101.93978654220700000000,58),(1334,33.59227756038308000000,-101.93967271596193000000,58),(1335,33.59227684792131000000,-101.93953433074057000000,58),(1336,33.59227571636438400000,-101.93938613869250000000,58),(1337,33.59227693174034400000,-101.93922906182706000000,58),(1338,33.59227919485420000000,-101.93907014094293000000,58),(1339,33.59227994922548500000,-101.93890015594661000000,58),(1340,33.59227965585887400000,-101.93872195668519000000,58),(1341,33.59227986540645400000,-101.93853512406349000000,58),(1342,33.59228087123483400000,-101.93834519013762000000,58),(1343,33.59228229615837000000,-101.93815257400274000000,58),(1344,33.59228380490094400000,-101.93795635364950000000,58),(1345,33.59228707384318000000,-101.93775342777371000000,58),(1346,33.59229004941881000000,-101.93753759376705000000,58),(1347,33.59228346962482000000,-101.93729099817574000000,58),(1348,33.59228162560612000000,-101.93705756217241000000,58),(1349,33.59227944631129500000,-101.93682161159813000000,58),(1350,33.59227806329727000000,-101.93658574484289000000,58),(1351,33.59227680601179600000,-101.93635163828730000000,58),(1352,33.59227529726922500000,-101.93611627444625000000,58),(1353,33.59227504581213000000,-101.93588443100452000000,58),(1354,33.59227797947824000000,-101.93565568886697000000,58),(1355,33.59227973967790600000,-101.93542258813977000000,58),(1356,33.59227994922548500000,-101.93518253043294000000,58),(1357,33.59227969776839000000,-101.93493945524096000000,58),(1358,33.59227994922548500000,-101.93469629622996000000,58),(1359,33.59228137414902400000,-101.93445456214249000000,58),(1360,33.59228032641113000000,-101.93420872092247000000,58),(1361,33.59227772802114500000,-101.93396179005504000000,58),(1362,33.59227487817407000000,-101.93371427245438000000,58),(1363,33.59227299224585000000,-101.93346776068210000000,58),(1364,33.59227098058909000000,-101.93322032690048000000,58),(1365,33.59226859174669000000,-101.93297490477562000000,58),(1366,33.59226653818041000000,-101.93273551762104000000,58),(1367,33.59226419124752000000,-101.93249973468482000000,58),(1368,33.59226209577173000000,-101.93226730450988000000,58),(1369,33.59226155094802400000,-101.93203655071557000000,58),(1370,33.59226205386221400000,-101.93180303089320000000,58),(1371,33.59226259868592000000,-101.93156414665282000000,58),(1372,33.59226402360946000000,-101.93132425658405000000,58),(1373,33.59226616099477000000,-101.93108696490526000000,58),(1374,33.59226922038942600000,-101.93085344508290000000,58),(1375,33.59227148350328000000,-101.93061732687056000000,58),(1376,33.59227475244552000000,-101.93038271740079000000,58),(1377,33.59227776993066000000,-101.93014685064554000000,58),(1378,33.59228372108191000000,-101.92991115152836000000,58),(1379,33.59229256398976000000,-101.92967821843922000000,58),(1380,33.59229692257941000000,-101.92945173941553000000,58),(1381,33.59230031725019000000,-101.92922400310636000000,58),(1382,33.59230253845453000000,-101.92898394539952000000,58),(1383,33.59230731613934000000,-101.92874296568334000000,58),(1384,33.59230677131563400000,-101.92849460989237000000,58),(1385,33.59230408910662000000,-101.92824273370206000000,58),(1386,33.59230463393032600000,-101.92799538373947000000,58),(1387,33.59230522066355000000,-101.92774929106236000000,58),(1388,33.59230677131563400000,-101.92750646732748000000,58),(1389,33.59230689704418000000,-101.92726213485003000000,58),(1390,33.59230505302548400000,-101.92701579071581000000,58),(1391,33.59230308327824000000,-101.92677170969546000000,58),(1392,33.59230102971196000000,-101.92652863450348000000,58),(1393,33.59230123925954000000,-101.92628975026310000000,58),(1394,33.59230027534067600000,-101.92604851908982000000,58),(1395,33.59230077825487000000,-101.92581441253424000000,58),(1396,33.59230098780244600000,-101.92558391019702000000,58),(1397,33.59230249654502000000,-101.92536338232458000000,58),(1398,33.59230274800211000000,-101.92514729686081000000,58),(1399,33.59230237081647000000,-101.92493473179638000000,58),(1400,33.59229851514101000000,-101.92472149617970000000,58),(1401,33.59229109715670000000,-101.92450448870659000000,58),(1402,33.59228405635804000000,-101.92428211681545000000,58),(1403,33.59228137414902400000,-101.92405580542982000000,58),(1404,33.59227986540645400000,-101.92381851375103000000,58),(1405,33.59227869194001000000,-101.92357451654970000000,58),(1406,33.59227944631129500000,-101.92333194427192000000,58),(1407,33.59227978158742000000,-101.92308702506125000000,58),(1408,33.59227860812098000000,-101.92283850163221000000,58),(1409,33.59227684792131000000,-101.92258955910802000000,58),(1410,33.59227575827390000000,-101.92233969457448000000,58),(1411,33.59227580018341500000,-101.92208890803158000000,58),(1412,33.59227538108826000000,-101.92183342762291000000,58),(1413,33.59227487817407000000,-101.92157417535782000000,58),(1414,33.59227508772164600000,-101.92131685093045000000,58),(1415,33.59227479435503500000,-101.92105717957020000000,58),(1416,33.59227399807423000000,-101.92079549655318000000,58),(1417,33.59227391425520000000,-101.92053507082164000000,58),(1418,33.59227274078876000000,-101.92026919685304000000,58),(1419,33.59227257315069400000,-101.92000608891249000000,58),(1420,33.59227412380278000000,-101.91974482499063000000,58),(1421,33.59227538108826000000,-101.91948121413589000000,58),(1422,33.59227642882615000000,-101.91921399906278000000,58),(1423,33.59227697364986000000,-101.91894527524710000000,58),(1424,33.59227559063583600000,-101.91867546178400000000,58),(1425,33.59227471053600000000,-101.91840950399637000000,58),(1426,33.59227307606488500000,-101.91814228892326000000,58),(1427,33.59226880129427000000,-101.91786845214665000000,58),(1428,33.59226699918508500000,-101.91759805195034000000,58),(1429,33.59226787928492000000,-101.91733075305820000000,58),(1430,33.59226980712265000000,-101.91706471145153000000,58),(1431,33.59227089677006000000,-101.91679699346423000000,58),(1432,33.59227039385587000000,-101.91652835346758000000,58),(1433,33.59226699918508500000,-101.91625703126192000000,58),(1434,33.59226674772799000000,-101.91598671488464000000,58),(1435,33.59226725064218000000,-101.91571949981153000000,58),(1436,33.59226632863283000000,-101.91545127891004000000,58),(1437,33.59226414933801000000,-101.91518364474177000000,58),(1438,33.59226293396205000000,-101.91491919569671000000,58),(1439,33.59226297587156000000,-101.91465927287936000000,58),(1440,33.59226100612432000000,-101.91440094262362000000,58),(1441,33.59225865919143000000,-101.91413724794984000000,58),(1442,33.59225945547223000000,-101.91387514583766000000,58),(1443,33.59225941356271500000,-101.91361497156322000000,58),(1444,33.59225979074836000000,-101.91335261799395000000,58),(1445,33.59225983265787400000,-101.91309076733887000000,58),(1446,33.59226004220545000000,-101.91283076070249000000,58),(1447,33.59226113185286500000,-101.91257368773222000000,58),(1448,33.59226251486689000000,-101.91231753677130000000,58),(1449,33.59226402360946000000,-101.91205929033458000000,58),(1450,33.59226473607123000000,-101.91179760731757000000,58),(1451,33.59226616099477000000,-101.91153567284346000000,58),(1452,33.59226754400879000000,-101.91127331927419000000,58),(1453,33.59226976521313000000,-101.91101331263780000000,58),(1454,33.59227110631764000000,-101.91075422801077000000,58),(1455,33.59227278269827400000,-101.91049908287823000000,58),(1456,33.59227332752198000000,-101.91024703904986000000,58),(1457,33.59227349516004000000,-101.90999600104988000000,58),(1458,33.59227349516004000000,-101.90974219702184000000,58),(1459,33.59227336943149600000,-101.90948529168963000000,58),(1460,33.59227295033634000000,-101.90921983681619000000,58),(1461,33.59227307606488500000,-101.90895228646696000000,58),(1462,33.59227336943149600000,-101.90867886878550000000,58),(1463,33.59227651264518500000,-101.90840704366565000000,58),(1464,33.59228158369660400000,-101.90813270397484000000,58),(1465,33.59228795394301400000,-101.90786062739790000000,58),(1466,33.59229449182749000000,-101.90758863463998000000,58),(1467,33.59229843132198000000,-101.90731354057789000000,58),(1468,33.59230157453567000000,-101.90703987143934000000,58),(1469,33.59230367001146000000,-101.90676611848176000000,58),(1470,33.59230450820178000000,-101.90649169497192000000,58),(1471,33.59230358619243000000,-101.90621643327177000000,58),(1472,33.59230245463550000000,-101.90594083629549000000,58),(1473,33.59230044297874000000,-101.90566624514759000000,58),(1474,33.59230077825487000000,-101.90539634786546000000,58),(1475,33.59230098780244600000,-101.90512008033693000000,58),(1476,33.59230392146855600000,-101.90485035069287000000,58),(1477,33.59230559784919000000,-101.90457852557302000000,58),(1478,33.59230605885386500000,-101.90430016256869000000,58),(1479,33.59230509493500000000,-101.90401819534600000000,58),(1480,33.59230693895370000000,-101.90373664721847000000,58),(1481,33.59230672940612000000,-101.90345308743417000000,58),(1482,33.59230631031096000000,-101.90317195840180000000,58),(1483,33.59230522066355000000,-101.90289057791233000000,58),(1484,33.59230425674468000000,-101.90261112526059000000,58),(1485,33.59230316709727000000,-101.90233284607530000000,58),(1486,33.59230287373066000000,-101.90205540508032000000,58),(1487,33.59230165835470000000,-101.90177343785763000000,58),(1488,33.59230249654502000000,-101.90149406902492000000,58),(1489,33.59230387955904000000,-101.90121310763061000000,58),(1490,33.59230693895370000000,-101.90093331970274000000,58),(1491,33.59230714850128000000,-101.90065193921328000000,58),(1492,33.59230744186789000000,-101.90037810243666000000,58),(1493,33.59230517875403000000,-101.90010510385036000000,58),(1494,33.59230316709727000000,-101.89983353018760000000,58),(1495,33.59230320900678600000,-101.89956899732351000000,58),(1496,33.59230346046388000000,-101.89931293018162000000,58),(1497,33.59230379574001000000,-101.89906340092420000000,58),(1498,33.59230266418308000000,-101.89881496131420000000,58),(1499,33.59230195172131000000,-101.89856878481805000000,58),(1500,33.59230136498809000000,-101.89832193776965000000,58),(1501,33.59230128116906000000,-101.89807299524546000000,58),(1502,33.59230161644518400000,-101.89782505854964000000,58),(1503,33.59230031725019000000,-101.89757754094899000000,58),(1504,33.59229947905987500000,-101.89733161590993000000,58),(1505,33.59229759313166000000,-101.89708183519542000000,58),(1506,33.59229721594602000000,-101.89683448523283000000,58),(1507,33.59229587484151000000,-101.89658353105187000000,58),(1508,33.59229658730328000000,-101.89633752219379000000,58),(1509,33.59229750931263000000,-101.89608866348863000000,58),(1510,33.59229897614568500000,-101.89584047533572000000,58),(1511,33.59229956287891000000,-101.89559094607830000000,58),(1512,33.59229952096939000000,-101.89534024335444000000,58),(1513,33.59229838941246000000,-101.89509104937315000000,58),(1514,33.59229734167456600000,-101.89484353177250000000,58),(1515,33.59229801222682000000,-101.89460380934179000000,58),(1516,33.59230157453567000000,-101.89436702057719000000,58),(1517,33.59230333473533400000,-101.89413718879223000000,58),(1518,33.59230358619243000000,-101.89391456544399000000,58),(1519,33.59230258036405000000,-101.89369680359960000000,58),(1520,33.59230090398341400000,-101.89348365180194000000,58),(1521,33.59229583293199500000,-101.89326421357691000000,58),(1522,33.59228887595236000000,-101.89303345978260000000,58),(1523,33.59228154178709000000,-101.89279130659997000000,58),(1524,33.59227584209293000000,-101.89254001714289000000,58),(1525,33.59227160923183000000,-101.89228118397295000000,58),(1526,33.59226792119443400000,-101.89201581291854000000,58),(1527,33.59226490370929000000,-101.89174423925579000000,58),(1528,33.59226431697607000000,-101.89146855846047000000,58),(1529,33.59226331114769000000,-101.89119254238904000000,58),(1530,33.59226318541914000000,-101.89091694541276000000,58),(1531,33.59226033557206400000,-101.89065283164382000000,58),(1532,33.59225505497306600000,-101.89040942117572000000,58),(1533,33.59225392341614000000,-101.89018235541880000000,58),(1534,33.59225991647690500000,-101.88996157608926000000,58),(1535,33.59225970692932600000,-101.88974079675972000000,58),(1536,33.59226108994335000000,-101.88953988254070000000,58),(1537,33.59226134140044500000,-101.88935128971934000000,58),(1538,33.59226289205253000000,-101.88917728140950000000,58),(1539,33.59226867556572000000,-101.88903353177011000000,58),(1540,33.59227655455470000000,-101.88891216181219000000,58),(1541,33.59228191897273000000,-101.88881359063089000000,58),(1542,33.59228384681046000000,-101.88873136416078000000,58),(1543,33.59228455927223000000,-101.88866506330669000000,58),(1544,33.59228162560612000000,-101.88861167058349000000,58),(1545,33.59227370470762000000,-101.88855651766062000000,58),(1546,33.59226884320378000000,-101.88852366060019000000,58),(1547,33.59227823093533500000,-101.88853883184493000000,58),(1548,33.59228321816772000000,-101.88855467364192000000,58),(1549,33.59228678047657000000,-101.88856875523925000000,58),(1550,33.59228774439543500000,-101.88855668529868000000,58),(1551,33.59229126479477000000,-101.88852944411337000000,58),(1552,33.59229600057006000000,-101.88848141580820000000,58),(1553,33.59229750931263000000,-101.88840270973742000000,58),(1554,33.59229365363717000000,-101.88829592429101000000,58),(1555,33.59228879213333000000,-101.88817287795246000000,58),(1556,33.59228715766221000000,-101.88803600147367000000,58),(1557,33.59228573273867400000,-101.88788705505430000000,58),(1558,33.59228447545320000000,-101.88773592934012000000,58),(1559,33.59228418208659000000,-101.88758379779756000000,58),(1560,33.59228225424886000000,-101.88742294907570000000,58),(1561,33.59227999113500000000,-101.88725640065968000000,58),(1562,33.59228070359677000000,-101.88708440400660000000,58),(1563,33.59228552319109400000,-101.88690477982163000000,58),(1564,33.59229315072298000000,-101.88672331161797000000,58),(1565,33.59230014961213000000,-101.88653924502432000000,58),(1566,33.59230522066355000000,-101.88634998165071000000,58),(1567,33.59230874106288000000,-101.88615476712584000000,58),(1568,33.59231133945286000000,-101.88595360144973000000,58),(1569,33.59231699723750000000,-101.88575134612620000000,58),(1570,33.59232185874134000000,-101.88554456457496000000,58),(1571,33.59232202637941000000,-101.88533049076796000000,58),(1572,33.59232181683183000000,-101.88511733897030000000,58),(1573,33.59232185874134000000,-101.88490259461105000000,58),(1574,33.59232139773667000000,-101.88468734733760000000,58),(1575,33.59232106246054000000,-101.88447494991124000000,58),(1576,33.59231967944652000000,-101.88426045700908000000,58),(1577,33.59231666196138000000,-101.88404127024114000000,58),(1578,33.59231234528124000000,-101.88382007181644000000,58),(1579,33.59231012407690000000,-101.88359929248690000000,58),(1580,33.59230664558709000000,-101.88338203355670000000,58),(1581,33.59230534639209500000,-101.88317684456706000000,58),(1582,33.59230807051062600000,-101.88300241716206000000,58),(1583,33.59231431502849000000,-101.88285280019045000000,58),(1584,33.59231703914702000000,-101.88270418904722000000,58),(1585,33.59231934417039000000,-101.88257083296776000000,58),(1586,33.59231972135603400000,-101.88245533034205000000,58),(1587,33.59232206828892000000,-101.88237100839615000000,58),(1588,33.59232483431697000000,-101.88229976221919000000,58),(1589,33.59233941882849000000,-101.88224050216377000000,58),(1590,33.59237290453166000000,-101.88219314441085000000,58),(1591,33.59242302831262000000,-101.88216003589332000000,58),(1592,33.59247663058340500000,-101.88215031288564000000,58),(1593,33.59253320842981000000,-101.88215056434274000000,58),(1594,33.59257754869759000000,-101.88214494846761000000,58),(1595,33.59260525088757000000,-101.88212960958481000000,58),(1596,33.59261740464717000000,-101.88210647553205000000,58),(1597,33.59261560253799000000,-101.88208359293640000000,58),(1598,33.59261363279074400000,-101.88205425627530000000,58),(1599,33.59261002857238000000,-101.88203120604157000000,58),(1600,33.59260885510594000000,-101.88201276585460000000,58),(1601,33.59261690173298000000,-101.88200446777046000000,58),(1602,33.59262599609792000000,-101.88199977390468000000,58),(1603,33.59262549318373000000,-101.88198879361153000000,58),(1604,33.59263446182012600000,-101.88199063763022000000,58),(1605,33.59262201469391600000,-101.88200530596077000000,58),(1606,33.59261903911829000000,-101.88201745972037000000,58),(1607,33.59261975158006000000,-101.88203682191670000000,58),(1608,33.59262603800744000000,-101.88205123879015000000,58),(1609,33.59263496473431600000,-101.88205827958882000000,58),(1610,33.59263588674366500000,-101.88207102008164000000,58),(1611,33.59262293670326500000,-101.88208032399416000000,58),(1612,33.59261690173298000000,-101.88209390267730000000,58),(1613,33.59261166304350000000,-101.88211125321686000000,58),(1614,33.59260755591094500000,-101.88213438726962000000,58),(1615,33.59259921591729000000,-101.88216154463589000000,58),(1616,33.59258534386754000000,-101.88219465315342000000,58),(1617,33.59256292227656000000,-101.88221636228263000000,58),(1618,33.59253693837672500000,-101.88222482800484000000,58),(1619,33.59251665417105000000,-101.88222264871001000000,58),(1620,33.59250311739743000000,-101.88221787102520000000,58),(1621,33.59249377157539000000,-101.88221451826394000000,58),(1622,33.59250227920711000000,-101.88222466036677000000,58),(2399,33.59012760221958000000,-101.86939154751599000000,64),(2400,33.59011787921190000000,-101.86939615756273000000,64),(2401,33.59012714121491000000,-101.86940009705722000000,64),(2402,33.59013384673744400000,-101.86939112842083000000,64),(2403,33.59013610985130000000,-101.86937126331031000000,64),(2404,33.59013627748936400000,-101.86934754252434000000,64),(2405,33.59013481065631000000,-101.86931661330163000000,64),(2406,33.59013925306499000000,-101.86927998438478000000,64),(2407,33.59014273155480600000,-101.86923539265990000000,64),(2408,33.59013937879354000000,-101.86918552033603000000,64),(2409,33.59013518784195000000,-101.86912734992802000000,64),(2410,33.59013309236616000000,-101.86905627138913000000,64),(2411,33.59013124834746000000,-101.86898837797344000000,64),(2412,33.59013254754245000000,-101.86892853118479000000,64),(2413,33.59013284090906400000,-101.86887077987194000000,64),(2414,33.59013024251908000000,-101.86881663277745000000,64),(2415,33.59012500382960000000,-101.86876743100584000000,64),(2416,33.59012056142092000000,-101.86872292310000000000,64),(2417,33.59011373016983000000,-101.86867807991803000000,64),(2418,33.59010522253811400000,-101.86863348819315000000,64),(2419,33.59008812345564400000,-101.86859065666795000000,64),(2420,33.59006335493177000000,-101.86855939216912000000,64),(2421,33.59004143625498000000,-101.86852125450969000000,64),(2422,33.59001951757818500000,-101.86847926117480000000,64),(2423,33.58999663498252600000,-101.86843827366829000000,64),(2424,33.58998519368470000000,-101.86840005218983000000,64),(2425,33.58998205047101000000,-101.86835629865527000000,64),(2426,33.58998632524162500000,-101.86831204220653000000,64),(2427,33.59000007156283000000,-101.86826426535845000000,64),(2428,33.59002253506332600000,-101.86821523122490000000,64),(2429,33.59004466328770000000,-101.86816804111004000000,64),(2430,33.59006670769304000000,-101.86811204999685000000,64),(2431,33.59009026084095000000,-101.86805044300854000000,64),(2432,33.59011498745531000000,-101.86798053793609000000,64),(2433,33.59014025889337000000,-101.86790141277015000000,64),(2434,33.59015874098986400000,-101.86781608499587000000,64),(2435,33.59017102047801000000,-101.86771994456649000000,64),(2436,33.59017441514879500000,-101.86761500313878000000,64),(2437,33.59016636852175000000,-101.86749639920890000000,64),(2438,33.59014696441591000000,-101.86735189519823000000,64),(2439,33.59013971406966400000,-101.86721610836685000000,64),(2440,33.59013175126165000000,-101.86708367429674000000,64),(2441,33.59013095498085000000,-101.86694554053247000000,64),(2442,33.59012831468135000000,-101.86681251972914000000,64),(2443,33.59012160915881400000,-101.86668444424868000000,64),(2444,33.59012152533978000000,-101.86655653640628000000,64),(2445,33.59012248925865000000,-101.86642988584936000000,64),(2446,33.59012093860656000000,-101.86630424112082000000,64),(2447,33.59012286644429000000,-101.86618287116289000000,64),(2448,33.59012198634446000000,-101.86606753617525000000,64),(2449,33.59012098051607600000,-101.86595773324370000000,64),(2450,33.59012274071574000000,-101.86585723422468000000,64),(2451,33.59012730885297000000,-101.86577140353620000000,64),(2452,33.59012739267200000000,-101.86570384539664000000,64),(2453,33.59012634493410600000,-101.86565196141600000000,64),(2454,33.59012571629137000000,-101.86561005190015000000,64),(2455,33.59012559056282000000,-101.86558071523905000000,64),(2456,33.59012630302459000000,-101.86556654982269000000,64),(2457,33.59012240543961500000,-101.86558071523905000000,64),(2458,33.59011569991708000000,-101.86558884568512000000,64),(2459,33.59012609347701000000,-101.86558063142002000000,64),(2460,33.59013191889971500000,-101.86557082459330000000,64),(2461,33.59013334382325400000,-101.86555942520499000000,64),(2462,33.59013514593243600000,-101.86553545296192000000,64),(2463,33.59013682231307000000,-101.86549982987344000000,64),(2464,33.59013824723661000000,-101.86545473523438000000,64),(2465,33.59013912733644000000,-101.86540226452053000000,64),(2466,33.59013975597918000000,-101.86534250155091000000,64),(2467,33.59013858251273600000,-101.86527485959232000000,64),(2468,33.59013904351741000000,-101.86519975773990000000,64),(2469,33.59013728331774500000,-101.86512599699199000000,64),(2470,33.59013707377016500000,-101.86505516991019000000,64),(2471,33.59013749286532400000,-101.86498803086579000000,64),(2472,33.59013782814145000000,-101.86492483131588000000,64),(2473,33.59013690613210000000,-101.86486540362239000000,64),(2474,33.59013782814145000000,-101.86480480246246000000,64),(2475,33.59013837296516000000,-101.86474143527448000000,64),(2476,33.59013824723661000000,-101.86467278748750000000,64),(2477,33.59013862442225000000,-101.86459802091122000000,64),(2478,33.59013875015080000000,-101.86451998539269000000,64),(2479,33.59013828914612500000,-101.86444362625480000000,64),(2480,33.59013807959854600000,-101.86437422409654000000,64),(2481,33.59013812150806000000,-101.86431664042175000000,64),(2482,33.59013916924596000000,-101.86427095904946000000,64),(2483,33.59013875015080000000,-101.86423416249454000000,64),(2484,33.59013497829437000000,-101.86420063488185000000,64),(2485,33.59012370463461000000,-101.86416526325047000000,64),(2486,33.59010027721524000000,-101.86412922106683000000,64),(2487,33.59006004408002000000,-101.86410541646183000000,64),(2488,33.59000715427101000000,-101.86409418471158000000,64),(2489,33.58994219452143000000,-101.86409577727318000000,64),(2490,33.58987417537719000000,-101.86409401707351000000,64),(2491,33.58979869633913000000,-101.86409535817802000000,64),(2492,33.58971362002194000000,-101.86410013586283000000,64),(2493,33.58962594531476500000,-101.86410080641508000000,64),(2494,33.58953495975584000000,-101.86409913003445000000,64),(2495,33.58944246545434000000,-101.86409736983478000000,64),(2496,33.58935747295618000000,-101.86409443616867000000,64),(2497,33.58927566558122600000,-101.86409158632159000000,64),(2498,33.58919775579125000000,-101.86408882029355000000,64),(2499,33.58911691233516000000,-101.86409099958837000000,64),(2500,33.58903460204601000000,-101.86409125104547000000,64),(2501,33.58895589597523000000,-101.86409309506416000000,64),(2502,33.58887253794819000000,-101.86409158632159000000,64),(2503,33.58878880273551000000,-101.86409250833094000000,64),(2504,33.58870980329811600000,-101.86409485526383000000,64),(2505,33.58863947913051000000,-101.86409628018737000000,64),(2506,33.58858562540263000000,-101.86409351415932000000,64),(2507,33.58855289407074500000,-101.86408999375999000000,64),(2508,33.58853763900697000000,-101.86408647336066000000,64),(2509,33.58852661680430000000,-101.86408429406583000000,64),(2510,33.58849774114787600000,-101.86408823356032000000,64),(2511,33.58846815302968000000,-101.86409167014062000000,64),(2512,33.58842913527042000000,-101.86409535817802000000,64),(2513,33.58838278334588000000,-101.86410156078637000000,64),(2514,33.58833412639797000000,-101.86410617083311000000,64),(2515,33.58827784191817000000,-101.86410935595632000000,64),(2516,33.58822419773787000000,-101.86411128379405000000,64),(2517,33.58817428350448600000,-101.86411715112627000000,64),(2518,33.58811812475324000000,-101.86411958187819000000,64),(2519,33.58804968651384000000,-101.86411815695465000000,64),(2520,33.58797328546643000000,-101.86411505565047000000,64),(2521,33.58788481447846000000,-101.86411421746016000000,64),(2522,33.58779202681035000000,-101.86411396600306000000,64),(2523,33.58769278507680000000,-101.86411413364112000000,64),(2524,33.58758734073490000000,-101.86411438509822000000,64),(2525,33.58747875317931000000,-101.86411480419338000000,64),(2526,33.58736978843808000000,-101.86411379836500000000,64),(2527,33.58726086560637000000,-101.86411337926984000000,64),(2528,33.58714900910854000000,-101.86411178670824000000,64),(2529,33.58703467994928400000,-101.86410985887050000000,64),(2530,33.58691888395697000000,-101.86410784721375000000,64),(2531,33.58680187258869400000,-101.86410751193762000000,64),(2532,33.58667979016900000000,-101.86410684138536000000,64),(2533,33.58655774965882000000,-101.86410516500473000000,64),(2534,33.58644124120474000000,-101.86410566791892000000,64),(2535,33.58632795978337500000,-101.86410667374730000000,64),(2536,33.58621664810926000000,-101.86410457827151000000,64),(2537,33.58610889874399000000,-101.86410181224346000000,64),(2538,33.58600634615868000000,-101.86409913003445000000,64),(2539,33.58591272030026000000,-101.86409728601575000000,64),(2540,33.58582617715001000000,-101.86409577727318000000,64),(2541,33.58575069811195000000,-101.86409443616867000000,64),(2542,33.58569080941379000000,-101.86409225687385000000,64),(2543,33.58565112110227000000,-101.86409125104547000000,64),(2544,33.58562815468758000000,-101.86408982612193000000,64),(2545,33.58561667148024000000,-101.86408957466483000000,64),(2546,33.58560732565820000000,-101.86408806592226000000,64),(2547,33.58559756074101000000,-101.86409544199705000000,64),(2548,33.58558217994869000000,-101.86410080641508000000,64),(2549,33.58556679915637000000,-101.86410482972860000000,64),(2550,33.58554177917540000000,-101.86411974951625000000,64),(2551,33.58551395125687000000,-101.86414849944413000000,64),(2552,33.58549161348492000000,-101.86419309116900000000,64),(2553,33.58547925017774000000,-101.86425419524312000000,64),(2554,33.58547711279243000000,-101.86432586051524000000,64),(2555,33.58548750635236500000,-101.86440045945346000000,64),(2556,33.58549701981246500000,-101.86447883024812000000,64),(2557,33.58550297096372000000,-101.86455594375730000000,64),(2558,33.58550636563450000000,-101.86462811194360000000,64),(2559,33.58551361598074400000,-101.86468896456063000000,64),(2560,33.58552216552198000000,-101.86473590321839000000,64),(2561,33.58552861958742000000,-101.86477487906814000000,64),(2562,33.58553100842982500000,-101.86481217853725000000,64),(2563,33.58553478028625000000,-101.86484218575060000000,64),(2564,33.58553838450461600000,-101.86486951075494000000,64),(2565,33.58554215636104000000,-101.86489365063608000000,64),(2566,33.58554383274168000000,-101.86491250991821000000,64),(2567,33.58554085716605000000,-101.86492592096329000000,64),(2568,33.58554597012699000000,-101.86494905501604000000,64),(2569,33.58555091544986000000,-101.86497998423874000000,64),(2570,33.58555389102548400000,-101.86502541415393000000,64),(2571,33.58555418439209500000,-101.86507989652455000000,64),(2572,33.58555405866355000000,-101.86514963395894000000,64),(2573,33.58555074781179400000,-101.86522766947746000000,64),(2574,33.58554743696004000000,-101.86532045714557000000,64),(2575,33.58554576057941000000,-101.86542632058263000000,64),(2576,33.58554605394602000000,-101.86554593034089000000,64),(2577,33.58554643113166000000,-101.86567492783070000000,64),(2578,33.58554806560278000000,-101.86581272631884000000,64),(2579,33.58554974198341400000,-101.86595521867275000000,64),(2580,33.58555074781179400000,-101.86610290780663000000,64),(2581,33.58555179554969000000,-101.86625436879694000000,64),(2582,33.58555280137807000000,-101.86640918254852000000,64),(2583,33.58555053826421500000,-101.86656785197556000000,64),(2584,33.58554835896939000000,-101.86672660522163000000,64),(2585,33.58554756268859000000,-101.86688250862062000000,64),(2586,33.58554617967456600000,-101.86703455634415000000,64),(2587,33.58554844278842000000,-101.86717956326902000000,64),(2588,33.58554848469794000000,-101.86732230708003000000,64),(2589,33.58554785605520000000,-101.86745985411108000000,64),(2590,33.58554571866989000000,-101.86759287491441000000,64),(2591,33.58554316218942400000,-101.86772254295647000000,64),(2592,33.58554077334702000000,-101.86784584075212000000,64),(2593,33.58553930651396500000,-101.86795581132174000000,64),(2594,33.58554060570896000000,-101.86804373748600000000,64),(2595,33.58554362319410000000,-101.86811020597816000000,64),(2596,33.58554416801780500000,-101.86816108413040000000,64),(2597,33.58554278500378000000,-101.86819519847631000000,64),(2598,33.58554299455136000000,-101.86820852570236000000,64),(2599,33.58553654048592000000,-101.86823241412640000000,64),(2600,33.58553603757173000000,-101.86825672164560000000,64),(2601,33.58553859405219600000,-101.86827809549868000000,64),(2602,33.58553939033300000000,-101.86829527840018000000,64),(2603,33.58554643113166000000,-101.86831355094910000000,64),(2604,33.58555175364017500000,-101.86832377687097000000,64),(2605,33.58555778861046000000,-101.86833517625928000000,64),(2606,33.58556935563683500000,-101.86834909021854000000,64),(2607,33.58558989129960500000,-101.86836116015911000000,64),(2608,33.58561910223216000000,-101.86836577020586000000,64),(2609,33.58565845526755000000,-101.86836702749133000000,64),(2610,33.58571306336671000000,-101.86836711131036000000,64),(2611,33.58578263316303500000,-101.86836677603424000000,64),(2612,33.58586234506219600000,-101.86836711131036000000,64),(2613,33.58595303725451000000,-101.86836853623390000000,64),(2614,33.58605533838272000000,-101.86836811713874000000,64),(2615,33.58616292010993000000,-101.86836401000619000000,64),(2616,33.58627553097904000000,-101.86836032196880000000,64),(2617,33.58638843521476000000,-101.86836107634008000000,64),(2618,33.58650590758771000000,-101.86835872940719000000,64),(2619,33.58662564307451000000,-101.86835437081754000000,64),(2620,33.58674332499504000000,-101.86835252679884000000,64),(2621,33.58685627114028000000,-101.86835168860853000000,64),(2622,33.58696368522942000000,-101.86835328117013000000,64),(2623,33.58705990947783000000,-101.86835185624659000000,64),(2624,33.58714234549552000000,-101.86834758147597000000,64),(2625,33.58720139600336600000,-101.86834766529500000000,64),(2626,33.58724875375628500000,-101.86834934167564000000,64),(2627,33.58728672377765000000,-101.86834582127631000000,64),(2628,33.58730927109718000000,-101.86834481544793000000,64),(2629,33.58731857500970400000,-101.86834741383791000000,64),(2630,33.58733667992055400000,-101.86834523454309000000,64),(2631,33.58736660331488000000,-101.86834414489567000000,64),(2632,33.58740520197898000000,-101.86834372580051000000,64),(2633,33.58745381701737600000,-101.86834422871470000000,64),(2634,33.58751286752522000000,-101.86834473162890000000,64),(2635,33.58758226968348000000,-101.86834649182856000000,64),(2636,33.58766030520201000000,-101.86834707856178000000,64),(2637,33.58774697408080000000,-101.86834682710469000000,64),(2638,33.58783519361168000000,-101.86834699474275000000,64),(2639,33.58792177867144000000,-101.86834733001888000000,64),(2640,33.58799834735691500000,-101.86834531836212000000,64),(2641,33.58806083444506000000,-101.86834406107664000000,64),(2642,33.58810462988913000000,-101.86834439635277000000,64),(2643,33.58812985941768000000,-101.86833869665861000000,64),(2644,33.58814616221934600000,-101.86833903193474000000,64),(2645,33.58816263265908000000,-101.86833802610636000000,64),(2646,33.58817642088979500000,-101.86833743937314000000,64),(2647,33.58818543143570400000,-101.86833702027798000000,64),(2648,33.58820433262735600000,-101.86833743937314000000,64),(2649,33.58822097070515000000,-101.86834003776312000000,64),(2650,33.58824749942869000000,-101.86834330670536000000,64),(2651,33.58828425407410000000,-101.86834439635277000000,64),(2652,33.58832943253219000000,-101.86834741383791000000,64),(2653,33.58837519772351000000,-101.86836233362556000000,64),(2654,33.58841605950147000000,-101.86839644797146000000,64),(2655,33.58845000620931400000,-101.86845076270401000000,64),(2656,33.58847351744771000000,-101.86852125450969000000,64),(2657,33.58847154770046500000,-101.86861194670200000000,64),(2658,33.58845943585038000000,-101.86871412210166000000,64),(2659,33.58844447415322000000,-101.86883431859314000000,64),(2660,33.58843864873051600000,-101.86896222643554000000,64),(2661,33.58843462541699400000,-101.86909893527627000000,64),(2662,33.58843487687409000000,-101.86924100853503000000,64),(2663,33.58843630179763000000,-101.86938190832734000000,64),(2664,33.58843521215021600000,-101.86951182782650000000,64),(2665,33.58842938672751000000,-101.86962540261447000000,64),(2666,33.58841794542968000000,-101.86972632072866000000,64),(2667,33.58840222936123600000,-101.86980628408492000000,64),(2668,33.58838873449713000000,-101.86986235901713000000,64),(2669,33.58838269952684600000,-101.86989680863917000000,64),(2670,33.58837385661900000000,-101.86991482973099000000,64),(2671,33.58838621992618000000,-101.86991935595870000000,64),(2672,33.58839921187609400000,-101.86991600319743000000,64),(2673,33.58840352855623000000,-101.86992974951863000000,64),(2674,33.58840709086507600000,-101.86994575895369000000,64),(2675,33.58840776141733000000,-101.86997559852898000000,64),(2676,33.58840704895556000000,-101.87001750804484000000,64),(2677,33.58840872533619400000,-101.87007048167288000000,64),(2678,33.58840679749846500000,-101.87013736926019000000,64),(2679,33.58840692322701000000,-101.87021590769291000000,64),(2680,33.58840704895556000000,-101.87030584551394000000,64),(2681,33.58840629458427400000,-101.87040416523814000000,64),(2682,33.58840419910848000000,-101.87050960958004000000,64),(2683,33.58839963097125000000,-101.87061614356935000000,64),(2684,33.58838806394487600000,-101.87072393484414000000,64),(2685,33.58837880194187000000,-101.87082837335765000000,64),(2686,33.58837134204805000000,-101.87092719599605000000,64),(2687,33.58836811501533000000,-101.87102316878736000000,64),(2688,33.58836731873453000000,-101.87111444771290000000,64),(2689,33.58836648054421000000,-101.87120363116264000000,64),(2690,33.58836656436324000000,-101.87128803692758000000,64),(2691,33.58836576808244000000,-101.87136749736965000000,64),(2692,33.58836501371115400000,-101.87144419178367000000,64),(2693,33.58836451079696400000,-101.87152021564543000000,64),(2694,33.58836379833519500000,-101.87159758061170000000,64),(2695,33.58836312778294000000,-101.87167377211154000000,64),(2696,33.58836191240698000000,-101.87174929305911000000,64),(2697,33.58836124185473000000,-101.87182255089283000000,64),(2698,33.58836082275957000000,-101.87189421616495000000,64),(2699,33.58835973311215600000,-101.87196412123740000000,64),(2700,33.58835881110281000000,-101.87202924862504000000,64),(2701,33.58835411723703000000,-101.87208733521402000000,64),(2702,33.58834493905306000000,-101.87213678844273000000,64),(2703,33.58833450358361000000,-101.87217710539699000000,64),(2704,33.58832884579897000000,-101.87220124527812000000,64),(2705,33.58832486439496000000,-101.87221230939030000000,64),(2706,33.58831748832017000000,-101.87222429551184000000,64),(2707,33.58830701094121000000,-101.87225472182035000000,64),(2708,33.58829468954354500000,-101.87228590250015000000,64),(2709,33.58826987911016000000,-101.87232051976025000000,64),(2710,33.58823266346007600000,-101.87235161662102000000,64),(2711,33.58817989937961000000,-101.87236469238997000000,64),(2712,33.58811330515891000000,-101.87236854806542000000,64),(2713,33.58803241979331000000,-101.87236594967544000000,64),(2714,33.58795186970383000000,-101.87235765159130000000,64),(2715,33.58786453027278000000,-101.87235589139163000000,64),(2716,33.58777920249849600000,-101.87235916033387000000,64),(2717,33.58770049642771500000,-101.87237055972219000000,64),(2718,33.58762438874692000000,-101.87239319086075000000,64),(2719,33.58755356166512000000,-101.87242252752185000000,64),(2720,33.58748608734459000000,-101.87245965935290000000,64),(2721,33.58742280397564000000,-101.87250374816358000000,64),(2722,33.58736035879701400000,-101.87255412340164000000,64),(2723,33.58729594387114000000,-101.87260676175356000000,64),(2724,33.58722821809351400000,-101.87265981920063000000,64),(2725,33.58715466689318400000,-101.87270985916257000000,64),(2726,33.58708065468818000000,-101.87275277450681000000,64),(2727,33.58700488228351000000,-101.87278848141432000000,64),(2728,33.58692525420338000000,-101.87281982973218000000,64),(2729,33.58684286009520000000,-101.87284832820296000000,64),(2730,33.58675786759704000000,-101.87287087552250000000,64),(2731,33.58667312655598000000,-101.87288805842400000000,64),(2732,33.58658867888152600000,-101.87289853580296000000,64),(2733,33.58650418929756000000,-101.87290415167809000000,64),(2734,33.58641974162310400000,-101.87290431931615000000,64),(2735,33.58633634168655000000,-101.87290381640196000000,64),(2736,33.58625516295433000000,-101.87290339730680000000,64),(2737,33.58617654070258000000,-101.87290985137224000000,64),(2738,33.58609603252262000000,-101.87292275950313000000,64),(2739,33.58601829037070000000,-101.87294622883200000000,64),(2740,33.58595362398773400000,-101.87297238036990000000,64),(2741,33.58589293900877000000,-101.87300154939294000000,64),(2742,33.58583862427622000000,-101.87303189188242000000,64),(2743,33.58578468672931000000,-101.87306198291480000000,64),(2744,33.58573804143816000000,-101.87308494932950000000,64),(2745,33.58569541946053500000,-101.87310255132616000000,64),(2746,33.58565694652498000000,-101.87311445362866000000,64),(2747,33.58562920242548000000,-101.87311914749444000000,64),(2748,33.58560627792030600000,-101.87312828376889000000,64),(2749,33.58559110667556500000,-101.87313373200595000000,64),(2750,33.58558150939643400000,-101.87313658185303000000,64),(2751,33.58558800537139000000,-101.87312711030245000000,64),(2752,33.58557983301580000000,-101.87313683331013000000,64),(2753,33.58556876890361000000,-101.87312903814018000000,64),(2754,33.58557828236371000000,-101.87313800677657000000,64),(2755,33.58556746970862000000,-101.87312602065504000000,64),(2756,33.58555908780545000000,-101.87310984358191000000,64),(2757,33.58555699232966000000,-101.87312400899827000000,64),(2758,33.58555627986789000000,-101.87313490547240000000,64),(2759,33.58555062208325000000,-101.87315116636455000000,64),(2760,33.58554207254201000000,-101.87316725961864000000,64),(2761,33.58555146027356400000,-101.87315627932549000000,64),(2762,33.58555887825787000000,-101.87314437702298000000,64),(2763,33.58556818217039000000,-101.87313146889210000000,64),(2764,33.58557170256972000000,-101.87312032096088000000,64),(2765,33.58557895291597000000,-101.87309199012816000000,64),(2766,33.58558134175837000000,-101.87307178974152000000,64),(2767,33.58558431733399600000,-101.87305066734552000000,64),(2768,33.58558456879109000000,-101.87302719801664000000,64),(2769,33.58557358849794000000,-101.87301127240062000000,64),(2770,33.58556587714702000000,-101.87300247140229000000,64),(2771,33.58556051272899000000,-101.87299174256623000000,64),(2772,33.58554584439844000000,-101.87297548167408000000,64),(2773,33.58553603757173000000,-101.87296349555254000000,64),(2774,33.58555024489760400000,-101.87297640368342000000,64),(2775,33.58556361403316000000,-101.87298755161464000000,64),(2776,33.58557379804551600000,-101.87299652025104000000,64),(2777,33.58557794708758600000,-101.87300716526806000000,64),(2778,33.58557124156505000000,-101.87302174977958000000,64),(2779,33.58556285966188000000,-101.87304018996656000000,64),(2780,33.58554404228926000000,-101.87304262071848000000,64),(2781,33.58551713638007600000,-101.87303717248142000000,64),(2782,33.58548746444285000000,-101.87303281389177000000,64),(2783,33.58544827904552000000,-101.87303532846272000000,64),(2784,33.58540783636272000000,-101.87304161489010000000,64),(2785,33.58534388244152000000,-101.87306994572282000000,64),(2786,33.58526714611798500000,-101.87310028821230000000,64),(2787,33.58519070316106000000,-101.87312618829310000000,64),(2788,33.58511614613235000000,-101.87314990907907000000,64),(2789,33.58503689523786000000,-101.87316122464836000000,64),(2790,33.58495651278645000000,-101.87317287549376000000,64),(2791,33.58487868681550000000,-101.87317874282598000000,64),(2792,33.58480555471033000000,-101.87318569980562000000,64),(2793,33.58474000822753000000,-101.87319450080395000000,64),(2794,33.58468196354806400000,-101.87319978140295000000,64),(2795,33.58462907373905000000,-101.87320363707840000000,64),(2796,33.58457983005792000000,-101.87320724129677000000,64),(2797,33.58453347813338000000,-101.87321101315320000000,64),(2798,33.58448737766594000000,-101.87321310862899000000,64),(2799,33.58444442041218000000,-101.87320581637323000000,64),(2800,33.58440334908664000000,-101.87318997457623000000,64),(2801,33.58436412177980000000,-101.87315879389644000000,64),(2802,33.58433327637613000000,-101.87310900539160000000,64),(2803,33.58431621920317400000,-101.87304086051881000000,64),(2804,33.58431257307529400000,-101.87295729294419000000,64),(2805,33.58431982342154000000,-101.87286500819027000000,64),(2806,33.58432858251035000000,-101.87277196906507000000,64),(2807,33.58432946261018500000,-101.87267415225506000000,64),(2808,33.58433130662888000000,-101.87257080338895000000,64),(2809,33.58433386310935000000,-101.87246385030448000000,64),(2810,33.58433612622321000000,-101.87235337682068000000,64),(2811,33.58433880843222000000,-101.87223854474723000000,64),(2812,33.58434102963656000000,-101.87212144955993000000,64),(2813,33.58434207737446000000,-101.87200460582972000000,64),(2814,33.58434258028865000000,-101.87188893556595000000,64),(2815,33.58434413094073500000,-101.87177661806345000000,64),(2816,33.58434505295008400000,-101.87167025171220000000,64),(2817,33.58434643596411000000,-101.87156924977899000000,64),(2818,33.58434978872537600000,-101.87147076241672000000,64),(2819,33.58436261303723000000,-101.87138560228050000000,64),(2820,33.58438210096210000000,-101.87130630947650000000,64),(2821,33.58440192416310000000,-101.87123422510922000000,64),(2822,33.58442023862153000000,-101.87116809189320000000,64),(2823,33.58443302102387000000,-101.87110715545714000000,64),(2824,33.58444144483656000000,-101.87104739248753000000,64),(2825,33.58444735407829000000,-101.87099165283144000000,64),(2826,33.58444823417812600000,-101.87095426954329000000,64),(2827,33.58444773126393600000,-101.87093080021441000000,64),(2828,33.58444127719849000000,-101.87091395258904000000,64),(2829,33.58443922363222000000,-101.87089526094496000000,64),(2830,33.58443654142320000000,-101.87086391262710000000,64),(2831,33.58443574514240000000,-101.87082761898637000000,64),(2832,33.58443662524223000000,-101.87078101560473000000,64),(2833,33.58444555196911000000,-101.87071915715933000000,64),(2834,33.58445858582854000000,-101.87065218575299000000,64),(2835,33.58448595274240000000,-101.87058730982244000000,64),(2836,33.58453041873872000000,-101.87053559347987000000,64),(2837,33.58459160663187500000,-101.87050424516201000000,64),(2838,33.58467056415975000000,-101.87048689462245000000,64),(2839,33.58475840650499000000,-101.87048538587987000000,64),(2840,33.58485542703420000000,-101.87048379331827000000,64),(2841,33.58496108092368000000,-101.87048454768956000000,64),(2842,33.58507318887859600000,-101.87048672698438000000,64),(2843,33.58519015833735500000,-101.87048907391727000000,64),(2844,33.58531391713768000000,-101.87049150466919000000,64),(2845,33.58543993905187000000,-101.87049435451627000000,64),(2846,33.58557061292231000000,-101.87049519270658000000,64),(2847,33.58570384327322000000,-101.87049921602011000000,64),(2848,33.58584000729024400000,-101.87050189822912000000,64),(2849,33.58597755432129000000,-101.87050139531493000000,64),(2850,33.58611371833831000000,-101.87050189822912000000,64),(2851,33.58624942135066000000,-101.87050156295300000000,64),(2852,33.58638072386384000000,-101.87049871310592000000,64),(2853,33.58650041744113000000,-101.87049703672528000000,64),(2854,33.58660996891558000000,-101.87049745582044000000,64),(2855,33.58671348541975000000,-101.87049804255366000000,64),(2856,33.58681092504412000000,-101.87049854546785000000,64),(2857,33.58689889311790500000,-101.87049963511527000000,64),(2858,33.58697139658034000000,-101.87050131149590000000,64),(2859,33.58702772296965000000,-101.87050248496234000000,64),(2860,33.58707185368985000000,-101.87050231732428000000,64),(2861,33.58710626140237000000,-101.87050282023847000000,64),(2862,33.58713262248784000000,-101.87050265260041000000,64),(2863,33.58714854810387000000,-101.87050198204815000000,64),(2864,33.58715810347348500000,-101.87049955129623000000,64),(2865,33.58716422226280000000,-101.87048647552729000000,64),(2866,33.58717570547014500000,-101.87048664316535000000,64),(2867,33.58718873932958000000,-101.87048697844148000000,64),(2868,33.58721124473959000000,-101.87048664316535000000,64),(2869,33.58724213205278000000,-101.87048655934632000000,64),(2870,33.58728261664510000000,-101.87048748135567000000,64),(2871,33.58733278233558000000,-101.87048949301243000000,64),(2872,33.58739153947681000000,-101.87049192376435000000,64),(2873,33.58746031299233400000,-101.87049468979240000000,64),(2874,33.58753784559667000000,-101.87049871310592000000,64),(2875,33.58762547839433000000,-101.87050206586719000000,64),(2876,33.58772321138531000000,-101.87050256878138000000,64),(2877,33.58782869763672000000,-101.87050282023847000000,64),(2878,33.58794109895825400000,-101.87050390988588000000,64),(2879,33.58806058298796400000,-101.87050349079072000000,64),(2880,33.58818580862135000000,-101.87050592154264000000,64),(2881,33.58831442892551400000,-101.87050784938037000000,64),(2882,33.58843952883035000000,-101.87051103450358000000,64),(2883,33.58856236562133000000,-101.87051178887486000000,64),(2884,33.58867229428142000000,-101.87051237560809000000,64),(2885,33.58877262566238600000,-101.87050944194198000000,64),(2886,33.58886537142098000000,-101.87050994485617000000,64),(2887,33.58895191457122600000,-101.87051078304648000000,64),(2888,33.58903736807406000000,-101.87051220797002000000,64),(2889,33.58912445604801000000,-101.87051380053163000000,64),(2890,33.58921577688306600000,-101.87051455490291000000,64),(2891,33.58931309077889000000,-101.87051430344582000000,64),(2892,33.58941568527371000000,-101.87051388435066000000,64),(2893,33.58952515292913000000,-101.87051321379840000000,64),(2894,33.58963495586067400000,-101.87051212415099000000,64),(2895,33.58974031638354000000,-101.87051237560809000000,64),(2896,33.58983871992677500000,-101.87051363289356000000,64),(2897,33.58992346096784000000,-101.87051338143647000000,64),(2898,33.58999277930707000000,-101.87051153741777000000,64),(2899,33.59004663303494500000,-101.87050910666585000000,64),(2900,33.59008510597050000000,-101.87050717882812000000,64),(2901,33.59011167660355600000,-101.87050659209490000000,64),(2902,33.59012957196683000000,-101.87050608918071000000,64),(2903,33.59013866633177000000,-101.87050608918071000000,64),(2904,33.59014885034412000000,-101.87050013802946000000,64),(2905,33.59016854781657500000,-101.87048764899373000000,64),(2906,33.59018719755113000000,-101.87045931816101000000,64),(2907,33.59019754920155000000,-101.87041405588388000000,64),(2908,33.59019926749170000000,-101.87034943141043000000,64),(2909,33.59019972849637000000,-101.87027147971094000000,64),(2910,33.59019469935447000000,-101.87018481083214000000,64),(2911,33.59018640127033000000,-101.87008523382246000000,64),(2912,33.59018078539520500000,-101.86997040174901000000,64),(2913,33.59017789363861000000,-101.86985238455236000000,64),(2914,33.59017252922058000000,-101.86973671428859000000,64),(2915,33.59016712289303500000,-101.86963596381247000000,64),(2916,33.59016217757016400000,-101.86955038458109000000,64),(2917,33.59015643596649000000,-101.86948634684086000000,64),(2918,33.59015010762960000000,-101.86944435350597000000,64),(2919,33.59014306683093000000,-101.86941769905388000000,64),(2920,33.59013958834112000000,-101.86940194107592000000,64),(2921,33.59013271518051600000,-101.86941116116941000000,64),(2922,33.58553222380578500000,-101.87302560545504000000,66),(2923,33.58552983496338000000,-101.87301127240062000000,66),(2924,33.58551571145654000000,-101.87301915138960000000,66),(2925,33.58550183940679000000,-101.87301663681865000000,66),(2926,33.58548260293901000000,-101.87301479279995000000,66),(2927,33.58546219300479000000,-101.87301755882800000000,66),(2928,33.58543931040913000000,-101.87301831319928000000,66),(2929,33.58540997374803000000,-101.87302133068442000000,66),(2930,33.58536550775170000000,-101.87302602455020000000,66),(2931,33.58530737925321000000,-101.87303055077791000000,66),(2932,33.58525277115404600000,-101.87304647639394000000,66),(2933,33.58519522938877000000,-101.87306005507708000000,66),(2934,33.58513835817575500000,-101.87307681888342000000,66),(2935,33.58507964294404000000,-101.87309240922332000000,66),(2936,33.58501941896975000000,-101.87310271896422000000,66),(2937,33.58495881780982000000,-101.87310908921063000000,66),(2938,33.58489997684955600000,-101.87311730347574000000,66),(2939,33.58484209980816000000,-101.87311763875186000000,66),(2940,33.58478489331901000000,-101.87311671674252000000,66),(2941,33.58473129104823000000,-101.87311789020896000000,66),(2942,33.58468079008162000000,-101.87311906367540000000,66),(2943,33.58463125303387600000,-101.87312023714185000000,66),(2944,33.58458008151501400000,-101.87312040477991000000,66),(2945,33.58452916145325000000,-101.87312459573150000000,66),(2946,33.58447669073939000000,-101.87312032096088000000,66),(2947,33.58443230856210000000,-101.87311135232449000000,66),(2948,33.58439119532704000000,-101.87309358268976000000,66),(2949,33.58435800299048400000,-101.87306298874319000000,66),(2950,33.58433294110000000000,-101.87301814556122000000,66),(2951,33.58431408181786500000,-101.87297606840730000000,66),(2952,33.58430838212371000000,-101.87292996793985000000,66),(2953,33.58431458473205600000,-101.87287347391248000000,66),(2954,33.58432791195810000000,-101.87280616723001000000,66),(2955,33.58434966299683000000,-101.87272503040731000000,66),(2956,33.58435833826661000000,-101.87263517640531000000,66),(2957,33.58435674570501000000,-101.87254046089947000000,66),(2958,33.58436248730868000000,-101.87243795022368000000,66),(2959,33.58437623362988000000,-101.87233569100499000000,66),(2960,33.58438436407596000000,-101.87222823500633000000,66),(2961,33.58439031522721000000,-101.87211742624640000000,66),(2962,33.58439308125526000000,-101.87200653366745000000,66),(2963,33.58439174015075000000,-101.87189782038331000000,66),(2964,33.58439169824123400000,-101.87179304659367000000,66),(2965,33.58439442235976500000,-101.87169196084142000000,66),(2966,33.58439764939248600000,-101.87159389257431000000,66),(2967,33.58440075069666000000,-101.87149951234460000000,66),(2968,33.58440121170133000000,-101.87141183763742000000,66),(2969,33.58442023862153000000,-101.87132827006280000000,66),(2970,33.58444178011268400000,-101.87125601805747000000,66),(2971,33.58446453697979500000,-101.87119198031723000000,66),(2972,33.58449169434607000000,-101.87113330699503000000,66),(2973,33.58450477011502000000,-101.87107832171023000000,66),(2974,33.58451176900416600000,-101.87103951349854000000,66),(2975,33.58451575040817000000,-101.87100229784846000000,66),(2976,33.58451017644256000000,-101.87098452821374000000,66),(2977,33.58450732659548500000,-101.87097388319671000000,66),(2978,33.58451977372169500000,-101.87096776440740000000,66),(2979,33.58451684005558500000,-101.87097949907184000000,66),(2980,33.58451172709465000000,-101.87096885405481000000,66),(2981,33.58451239764690400000,-101.87095133587718000000,66),(2982,33.58451654668897400000,-101.87092308886349000000,66),(2983,33.58452069573104400000,-101.87088226899505000000,66),(2984,33.58452287502587000000,-101.87083021737635000000,66),(2985,33.58452270738780500000,-101.87077146023512000000,66),(2986,33.58452279120684000000,-101.87070608139038000000,66),(2987,33.58452270738780500000,-101.87063776887953000000,66),(2988,33.58452362939715400000,-101.87056258320808000000,66),(2989,33.58453075401485000000,-101.87048622407019000000,66),(2990,33.58453314285725000000,-101.87041154131293000000,66),(2991,33.58453544788062600000,-101.87033652327955000000,66),(2992,33.58453180175274600000,-101.87025873921812000000,66),(2993,33.58453209511936000000,-101.87017718330026000000,66),(2994,33.58453620225191000000,-101.87009034678340000000,66),(2995,33.58453942928463000000,-101.86999940313399000000,66),(2996,33.58453620225191000000,-101.86990552581847000000,66),(2997,33.58453808818012500000,-101.86980888247490000000,66),(2998,33.58453863300383000000,-101.86970922164619000000,66),(2999,33.58454223722219500000,-101.86960578896105000000,66),(3000,33.58454944565892000000,-101.86949640512466000000,66),(3001,33.58455380424857000000,-101.86938400380313000000,66),(3002,33.58455577399582000000,-101.86927026137710000000,66),(3003,33.58455003239214400000,-101.86915157362819000000,66),(3004,33.58454672154039000000,-101.86903112567961000000,66),(3005,33.58454802073538000000,-101.86890958808362000000,66),(3006,33.58454931993037500000,-101.86878712847829000000,66),(3007,33.58455300796777000000,-101.86866282485425000000,66),(3008,33.58455128967762000000,-101.86853634193540000000,66),(3009,33.58455007430166000000,-101.86841011047363000000,66),(3010,33.58455057721585000000,-101.86828312464058000000,66),(3011,33.58455049339682000000,-101.86815504916012000000,66),(3012,33.58454919420183000000,-101.86802571639419000000,66),(3013,33.58454915229231000000,-101.86789504252374000000,66),(3014,33.58454802073538000000,-101.86776562593877000000,66),(3015,33.58454751782119000000,-101.86763713136315000000,66),(3016,33.58454357832670000000,-101.86751182191074000000,66),(3017,33.58454466797411400000,-101.86738735064864000000,66),(3018,33.58454613480717000000,-101.86726329848170000000,66),(3019,33.58455057721585000000,-101.86714033596218000000,66),(3020,33.58455221168697000000,-101.86701544560492000000,66),(3021,33.58455413952470000000,-101.86688745394349000000,66),(3022,33.58455359470099000000,-101.86675786972046000000,66),(3023,33.58455895911902000000,-101.86662811785936000000,66),(3024,33.58456055168062400000,-101.86649853363633000000,66),(3025,33.58455824665725000000,-101.86637003906071000000,66),(3026,33.58455912675708500000,-101.86624280177057000000,66),(3027,33.58456143178046000000,-101.86611740849912000000,66),(3028,33.58456084504723500000,-101.86599226668477000000,66),(3029,33.58455992303789000000,-101.86586586758494000000,66),(3030,33.58456361107528000000,-101.86573854647577000000,66),(3031,33.58456851448864000000,-101.86561089009047000000,66),(3032,33.58457027468830000000,-101.86548172496259000000,66),(3033,33.58456998132169000000,-101.86535406857729000000,66),(3034,33.58457014895975600000,-101.86522741802037000000,66),(3035,33.58456767629832000000,-101.86510286293924000000,66),(3036,33.58456419780850400000,-101.86498015187681000000,66),(3037,33.58456373680383000000,-101.86486138030887000000,66),(3038,33.58456373680383000000,-101.86474679969251000000,66),(3039,33.58456268906593000000,-101.86463599093258000000,66),(3040,33.58456067740917000000,-101.86452895402908000000,66),(3041,33.58456059359014000000,-101.86442694626749000000,66),(3042,33.58456126414239400000,-101.86433675698936000000,66),(3043,33.58456411398947000000,-101.86426115222275000000,66),(3044,33.58456893358379600000,-101.86420164071023000000,66),(3045,33.58457337599248000000,-101.86415646225214000000,66),(3046,33.58458519447595000000,-101.86412134207785000000,66),(3047,33.58459965325892000000,-101.86409158632159000000,66),(3048,33.58461624942720000000,-101.86407532542944000000,66),(3049,33.58462769072503000000,-101.86407356522977000000,66),(3050,33.58463997021317500000,-101.86407599598170000000,66),(3051,33.58465522527695000000,-101.86408161185682000000,66),(3052,33.58467471320182000000,-101.86408127658069000000,66),(3053,33.58470149338245400000,-101.86408404260874000000,66),(3054,33.58473162632435600000,-101.86408840119839000000,66),(3055,33.58475861605257000000,-101.86408605426550000000,66),(3056,33.58478891663253000000,-101.86408471316099000000,66),(3057,33.58482122886926000000,-101.86408655717969000000,66),(3058,33.58486020471901000000,-101.86408848501742000000,66),(3059,33.58490035403520000000,-101.86408747918904000000,66),(3060,33.58494251500815000000,-101.86408873647451000000,66),(3061,33.58497952111065400000,-101.86409594491124000000,66),(3062,33.58501229435205500000,-101.86410533264280000000,66),(3063,33.58503727242350600000,-101.86410835012794000000,66),(3064,33.58506321441382000000,-101.86410876922310000000,66),(3065,33.58509892132133000000,-101.86410868540406000000,66),(3066,33.58514032792300000000,-101.86411161907017000000,66),(3067,33.58517963904887400000,-101.86411379836500000000,66),(3068,33.58521408867091000000,-101.86411480419338000000,66),(3069,33.58524451497942000000,-101.86411715112627000000,66),(3070,33.58527967706323000000,-101.86411312781274000000,66),(3071,33.58530754689127000000,-101.86409762129188000000,66),(3072,33.58532204758376000000,-101.86408462934196000000,66),(3073,33.58533990103751400000,-101.86408177949488000000,66),(3074,33.58534425962716000000,-101.86407222412527000000,66),(3075,33.58533223159611000000,-101.86407440342009000000,66),(3076,33.58532565180212000000,-101.86408245004714000000,66),(3077,33.58531509060413000000,-101.86407968401909000000,66),(3078,33.58532108366489400000,-101.86406853608787000000,66),(3079,33.58533181250095400000,-101.86406945809722000000,66),(3080,33.58535234816372400000,-101.86406828463078000000,66),(3081,33.58537917025387000000,-101.86406618915498000000,66),(3082,33.58541475143283600000,-101.86407985165715000000,66),(3083,33.58545205090195000000,-101.86408655717969000000,66),(3084,33.58549471478909000000,-101.86408773064613000000,66),(3085,33.58554806560278000000,-101.86408697627485000000,66),(3086,33.58559915330261000000,-101.86408588662744000000,66),(3087,33.58565267175436000000,-101.86409577727318000000,66),(3088,33.58572085853666000000,-101.86409871093929000000,66),(3089,33.58578342944383600000,-101.86410524882376000000,66),(3090,33.58585019130260000000,-101.86411254107952000000,66),(3091,33.58592919073999000000,-101.86411547474563000000,66),(3092,33.58601112384349000000,-101.86412016861141000000,66),(3093,33.58609863091260000000,-101.86413316056132000000,66),(3094,33.58619007747620000000,-101.86414103955030000000,66),(3095,33.58628340996802000000,-101.86414263211190000000,66),(3096,33.58638277743012000000,-101.86414824798703000000,66),(3097,33.58648030087352000000,-101.86414791271090000000,66),(3098,33.58657384291291000000,-101.86414330266416000000,66),(3099,33.58666474465281000000,-101.86414187774062000000,66),(3100,33.58675627503544000000,-101.86413827352226000000,66),(3101,33.58683954924345000000,-101.86413005925715000000,66),(3102,33.58691917732358000000,-101.86413173563778000000,66),(3103,33.58699348289519500000,-101.86413249000907000000,66),(3104,33.58706590253860000000,-101.86413047835231000000,66),(3105,33.58712352812290000000,-101.86414062045515000000,66),(3106,33.58717390336096000000,-101.86414330266416000000,66),(3107,33.58722302131355000000,-101.86413927935064000000,66),(3108,33.58726832550019000000,-101.86412704177201000000,66),(3109,33.58731073793024000000,-101.86411396600306000000,66),(3110,33.58733877539635000000,-101.86410063877702000000,66),(3111,33.58736580703407500000,-101.86407918110490000000,66),(3112,33.58738630078733000000,-101.86405688524246000000,66),(3113,33.58740335796028400000,-101.86401061713696000000,66),(3114,33.58741048257798000000,-101.86395278200507000000,66),(3115,33.58742234297097000000,-101.86388128437102000000,66),(3116,33.58742624055594000000,-101.86381129547954000000,66),(3117,33.58743613120168400000,-101.86372529715300000000,66),(3118,33.58744099270552400000,-101.86363292858005000000,66),(3119,33.58744572848081600000,-101.86353871598840000000,66),(3120,33.58745151199400400000,-101.86343972571194000000,66),(3121,33.58745423611253500000,-101.86333629302680000000,66),(3122,33.58746052253991400000,-101.86322707682848000000,66),(3123,33.58746333047747600000,-101.86311299912632000000,66),(3124,33.58747024554759000000,-101.86299665831030000000,66),(3125,33.58747628051787600000,-101.86287604272366000000,66),(3126,33.58747573569417000000,-101.86275945045054000000,66),(3127,33.58747192192823000000,-101.86264738440514000000,66),(3128,33.58747208956629000000,-101.86254261061549000000,66),(3129,33.58747175429016000000,-101.86244253069162000000,66),(3130,33.58747305348515500000,-101.86235393397510000000,66),(3131,33.58747028745711000000,-101.86228126287460000000,66),(3132,33.58746961690485500000,-101.86222124844790000000,66),(3133,33.58746421057731000000,-101.86217514798045000000,66),(3134,33.58746307902038000000,-101.86214824207127000000,66),(3135,33.58746127691120000000,-101.86213583685458000000,66),(3136,33.58745126053691000000,-101.86212921515107000000,66),(3137,33.58745209872722600000,-101.86210775747895000000,66),(3138,33.58745126053691000000,-101.86207850463688000000,66),(3139,33.58745105098933000000,-101.86203802004457000000,66),(3140,33.58745243400335000000,-101.86198915354908000000,66),(3141,33.58745302073657500000,-101.86193324625492000000,66),(3142,33.58745264355093000000,-101.86187197454274000000,66),(3143,33.58745423611253500000,-101.86180382966995000000,66),(3144,33.58745406847447000000,-101.86173166148365000000,66),(3145,33.58745079953223500000,-101.86165697872639000000,66),(3146,33.58744950033724000000,-101.86157726682723000000,66),(3147,33.58744941651821000000,-101.86149537563324000000,66),(3148,33.58744916506111600000,-101.86141340062022000000,66),(3149,33.58745222445577400000,-101.86133075505495000000,66),(3150,33.58745687641203400000,-101.86124861240387000000,66),(3151,33.58745729550719000000,-101.86116714030504000000,66),(3152,33.58745603822172000000,-101.86108742840588000000,66),(3153,33.58745926525444000000,-101.86101065017283000000,66),(3154,33.58745951671153000000,-101.86093596741557000000,66),(3155,33.58746194746345000000,-101.86086405068636000000,66),(3156,33.58746366575360000000,-101.86079481616616000000,66),(3157,33.58746215701103000000,-101.86072826385498000000,66),(3158,33.58746022917330000000,-101.86066556721926000000,66),(3159,33.58746018726379000000,-101.86060463078320000000,66),(3160,33.58745561912656000000,-101.86054285615683000000,66),(3161,33.58745603822172000000,-101.86048485338688000000,66),(3162,33.58745633158833000000,-101.86042777262628000000,66),(3163,33.58745197299868000000,-101.86037454754114000000,66),(3164,33.58744870405644000000,-101.86032383702695000000,66),(3165,33.58744040597230000000,-101.86028402298689000000,66),(3166,33.58743235934526000000,-101.86025485396385000000,66),(3167,33.58742372598499000000,-101.86022761277854000000,66),(3168,33.58741123694926500000,-101.86020422726870000000,66),(3169,33.58740754891187000000,-101.86018553562462000000,66),(3170,33.58741857111454000000,-101.86017623171210000000,66),(3171,33.58740809373557600000,-101.86018385924399000000,66),(3172,33.58741069212556000000,-101.86016684398055000000,66),(3173,33.58741655945778000000,-101.86015544459224000000,66),(3174,33.58742100186646000000,-101.86014605686069000000,66),(3175,33.58742049895227000000,-101.86012493446470000000,66),(3176,33.58742427080870000000,-101.86010892502964000000,66),(3177,33.58741915784776000000,-101.86008805409074000000,66),(3178,33.58741865493357000000,-101.86006927862763000000,66),(3179,33.58741685282439000000,-101.86005192808807000000,66),(3180,33.58741320669651000000,-101.86003751121461000000,66),(3181,33.58741312287748000000,-101.86002569273114000000,66),(3182,33.58741153031587600000,-101.86001412570477000000,66),(3183,33.58740884810686000000,-101.86002979986370000000,66),(3184,33.58741773292422000000,-101.86004346236587000000,66),(3185,33.58742787502706000000,-101.86004832386970000000,66),(3186,33.58744183089584000000,-101.86005896888673000000,66),(3187,33.58744874596596000000,-101.86006651259959000000,66),(3188,33.58746224083006400000,-101.86007405631244000000,66),(3189,33.58745566103607400000,-101.86004958115518000000,66),(3190,33.58746165409684000000,-101.86003516428173000000,66),(3191,33.58746303711086500000,-101.86001647263765000000,66),(3192,33.58745855279267000000,-101.85999484732747000000,66),(3193,33.58745649922639000000,-101.85996509157121000000,66),(3194,33.58745654113591000000,-101.85993324033916000000,66),(3195,33.58745532575995000000,-101.85990155674517000000,66),(3196,33.58745113480836000000,-101.85986325144768000000,66),(3197,33.58744908124208500000,-101.85982016846538000000,66),(3198,33.58744962606579000000,-101.85977624729276000000,66),(3199,33.58745314646512000000,-101.85972830280662000000,66),(3200,33.58745825942606000000,-101.85967901721597000000,66),(3201,33.58746081590652500000,-101.85962168499827000000,66),(3202,33.58746098354459000000,-101.85955454595387000000,66),(3203,33.58745930716395400000,-101.85948497615755000000,66),(3204,33.58745934907347000000,-101.85941297560930000000,66),(3205,33.58746236655861000000,-101.85933686792850000000,66),(3206,33.58746664132923000000,-101.85925631783903000000,66),(3207,33.58747028745711000000,-101.85917560011148000000,66),(3208,33.58746714424342000000,-101.85908926650882000000,66),(3209,33.58746659941971000000,-101.85900762677193000000,66),(3210,33.58746567741036400000,-101.85892305336893000000,66),(3211,33.58747020363808000000,-101.85884124599397000000,66),(3212,33.58747154474258400000,-101.85875717550516000000,66),(3213,33.58746664132923000000,-101.85866950079799000000,66),(3214,33.58746060635894500000,-101.85858107171953000000,66),(3215,33.58745327219367000000,-101.85849205590785000000,66),(3216,33.58744191471487000000,-101.85840463265777000000,66),(3217,33.58743499964475600000,-101.85831863433123000000,66),(3218,33.58742992859334000000,-101.85824504122138000000,66),(3219,33.58742460608482400000,-101.85817924328148000000,66),(3220,33.58741961885244000000,-101.85811713337898000000,66),(3221,33.58742037322372000000,-101.85806139372289000000,66),(3222,33.58742045704275400000,-101.85800858773291000000,66),(3223,33.58742192387581000000,-101.85796391218900000000,66),(3224,33.58742150478065000000,-101.85792753472924000000,66),(3225,33.58741542790085000000,-101.85790129937232000000,66),(3226,33.58741500880569000000,-101.85788436792791000000,66),(3227,33.58742619864642600000,-101.85786936432123000000,66),(3228,33.58744426164776000000,-101.85785897076130000000,66),(3229,33.58745465520769400000,-101.85783508233726000000,66),(3230,33.58746366575360000000,-101.85779937542975000000,66),(3231,33.58748034574091400000,-101.85776911675930000000,66),(3232,33.58750473707914000000,-101.85774447396398000000,66),(3233,33.58753600157797000000,-101.85772578231990000000,66),(3234,33.58757204376161000000,-101.85770750977099000000,66),(3235,33.58761843759566500000,-101.85769661329687000000,66),(3236,33.58767652418464400000,-101.85768705792725000000,66),(3237,33.58773779589683000000,-101.85768445953727000000,66),(3238,33.58779827132821000000,-101.85768504627049000000,66),(3239,33.58785782475024500000,-101.85768865048885000000,66),(3240,33.58791385777294600000,-101.85768269933760000000,66),(3241,33.58796569984406000000,-101.85767599381506000000,66),(3242,33.58801519498229000000,-101.85767775401473000000,66),(3243,33.58805836178362400000,-101.85767674818635000000,66),(3244,33.58809440396726000000,-101.85768362134695000000,66),(3245,33.58812617138028000000,-101.85769049450755000000,66),(3246,33.58814519830048000000,-101.85769183561206000000,66),(3247,33.58815689105540500000,-101.85769460164010000000,66),(3248,33.58816028572619000000,-101.85768085531890000000,66),(3249,33.58817558269948000000,-101.85767993330956000000,66),(3250,33.58819616027176400000,-101.85768244788050000000,66),(3251,33.58821992296725500000,-101.85769367963076000000,66),(3252,33.58824879862368000000,-101.85771128162742000000,66),(3253,33.58828873839229000000,-101.85772670432925000000,66),(3254,33.58833119273186000000,-101.85774288140237000000,66),(3255,33.58836673200130500000,-101.85777087695897000000,66),(3256,33.58839145861566000000,-101.85781563632190000000,66),(3257,33.58841132372618000000,-101.85787565074861000000,66),(3258,33.58841723296791000000,-101.85796584002674000000,66),(3259,33.58841668814421000000,-101.85806508176029000000,66),(3260,33.58841174282133600000,-101.85816901735961000000,66),(3261,33.58840587548911600000,-101.85827421024442000000,66),(3262,33.58840193599462500000,-101.85838862322271000000,66),(3263,33.58840218745172000000,-101.85850177891552000000,66),(3264,33.58839749358594400000,-101.85861476697028000000,66),(3265,33.58839510474354000000,-101.85872834175825000000,66),(3266,33.58839372172952000000,-101.85884485021234000000,66),(3267,33.58839024323970000000,-101.85896337032318000000,66),(3268,33.58838844113052000000,-101.85907560400665000000,66),(3269,33.58838374726474000000,-101.85918129980564000000,66),(3270,33.58838160987943400000,-101.85928498394787000000,66),(3271,33.58838286716491000000,-101.85937802307308000000,66),(3272,33.58837922103703000000,-101.85946620069444000000,66),(3273,33.58837842475623000000,-101.85953300446272000000,66),(3274,33.58837570063770000000,-101.85958430171013000000,66),(3275,33.58836870174855000000,-101.85963073745370000000,66),(3276,33.58836384024471000000,-101.85966208577156000000,66),(3277,33.58836363069713000000,-101.85967566445470000000,66),(3278,33.58836279250681400000,-101.85969678685069000000,66),(3279,33.58836404979229000000,-101.85971975326538000000,66),(3280,33.58836329542100400000,-101.85975043103099000000,66),(3281,33.58836212195456000000,-101.85979435220361000000,66),(3282,33.58836103230715000000,-101.85984933748841000000,66),(3283,33.58836006838828000000,-101.85991153120995000000,66),(3284,33.58835730236024000000,-101.85998068191111000000,66),(3285,33.58835021965206000000,-101.86006776988506000000,66),(3286,33.58834862709045400000,-101.86014764942229000000,66),(3287,33.58835390768945000000,-101.86022627167404000000,66),(3288,33.58835227321833400000,-101.86031470075250000000,66),(3289,33.58834594488144000000,-101.86041318811476000000,66),(3290,33.58834711834788000000,-101.86050832271576000000,66),(3291,33.58834778890014000000,-101.86060882173479000000,66),(3292,33.58834514860064000000,-101.86070580035448000000,66),(3293,33.58834418468177000000,-101.86079749837518000000,66),(3294,33.58834489714354000000,-101.86088777147233000000,66),(3295,33.58834799844771600000,-101.86098072677851000000,66),(3296,33.58834560960531000000,-101.86108583584428000000,66),(3297,33.58834762126207000000,-101.86118331737816000000,66),(3298,33.58835001010448000000,-101.86128867790103000000,66),(3299,33.58834883663803000000,-101.86139638535678000000,66),(3300,33.58834665734321000000,-101.86149076558650000000,66),(3301,33.58834477141499500000,-101.86157684773207000000,66),(3302,33.58834301121533000000,-101.86165748164058000000,66),(3303,33.58834472950548000000,-101.86171757988632000000,66),(3304,33.58834041282534600000,-101.86177633702755000000,66),(3305,33.58833647333085500000,-101.86181455850601000000,66),(3306,33.58834024518728000000,-101.86182788573205000000,66),(3307,33.58835059683770000000,-101.86186292208731000000,66),(3308,33.58835814055055400000,-101.86189359985292000000,66),(3309,33.58837188687175500000,-101.86192167922854000000,66),(3310,33.58839657157659500000,-101.86194757930934000000,66),(3311,33.58842817135155000000,-101.86196803115308000000,66),(3312,33.58846769202500600000,-101.86198395676911000000,66),(3313,33.58851006254554000000,-101.86199166812003000000,66),(3314,33.58855809085071000000,-101.86199049465358000000,66),(3315,33.58861202839762000000,-101.86198890209198000000,66),(3316,33.58867392875254000000,-101.86198881827295000000,66),(3317,33.58873830176890000000,-101.86198756098747000000,66),(3318,33.58880753628909600000,-101.86198295094073000000,66),(3319,33.58887999784201400000,-101.86198043636978000000,66),(3320,33.58894722070545000000,-101.86198445968330000000,66),(3321,33.58901557512581000000,-101.86198010109365000000,66),(3322,33.58908510301262000000,-101.86197758652270000000,66),(3323,33.58915215823799400000,-101.86197959817946000000,66),(3324,33.58922705054283000000,-101.86198202893138000000,66),(3325,33.58930102083832000000,-101.86198328621686000000,66),(3326,33.58937629032880000000,-101.86198043636978000000,66),(3327,33.58945072162896400000,-101.86197875998914000000,66),(3328,33.58952460810542000000,-101.86197968199849000000,66),(3329,33.58959761448204500000,-101.86198093928397000000,66),(3330,33.58967460226267600000,-101.86198437586427000000,66),(3331,33.58975175768137000000,-101.86198923736810000000,66),(3332,33.58982279431075000000,-101.86199175193906000000,66),(3333,33.58988674823195000000,-101.86199912801385000000,66),(3334,33.58994479291141000000,-101.86200348660350000000,66),(3335,33.58999684453010600000,-101.86199996620417000000,66),(3336,33.59004575293511000000,-101.86200432479382000000,66),(3337,33.59009378124028400000,-101.86201019212604000000,66),(3338,33.59013330191374000000,-101.86204120516777000000,66),(3339,33.59015916008502000000,-101.86209308914840000000,66),(3340,33.59017244540155000000,-101.86215595342219000000,66),(3341,33.59018698800355000000,-101.86223013326526000000,66),(3342,33.59018552117050000000,-101.86232635751367000000,66),(3343,33.59018828719854000000,-101.86242300085723000000,66),(3344,33.59018254559487000000,-101.86252995394170000000,66),(3345,33.59017617534846000000,-101.86263497918844000000,66),(3346,33.59016787726432000000,-101.86275911517441000000,66),(3347,33.59016083646566000000,-101.86287629418075000000,66),(3348,33.59016456641257000000,-101.86298282817006000000,66),(3349,33.59016263857484000000,-101.86308609321713000000,66),(3350,33.59016431495547000000,-101.86319086700678000000,66),(3351,33.59016305767000000000,-101.86329723335803000000,66),(3352,33.59016192611307000000,-101.86340586282313000000,66),(3353,33.59016066882759000000,-101.86352211982012000000,66),(3354,33.59015421476215000000,-101.86363452114165000000,66),(3355,33.59014952089637500000,-101.86373887583613000000,66),(3356,33.59015551395714000000,-101.86384331434965000000,66),(3357,33.59015320893377000000,-101.86394708231091000000,66),(3358,33.59015161637217000000,-101.86404556967318000000,66),(3359,33.59015274792909600000,-101.86414782889187000000,66),(3360,33.59014947898686000000,-101.86425025574863000000,66),(3361,33.59014369547367000000,-101.86435854993760000000,66),(3362,33.59013250563294000000,-101.86447631567717000000,66),(3363,33.59012605156749500000,-101.86458569951355000000,66),(3364,33.59012328553945000000,-101.86469013802707000000,66),(3365,33.59012274071574000000,-101.86479407362640000000,66),(3366,33.59012844040990000000,-101.86488124541938000000,66),(3367,33.59013384673744400000,-101.86495475471020000000,66),(3368,33.59014092944562400000,-101.86501803807914000000,66),(3369,33.59014424029738000000,-101.86509297229350000000,66),(3370,33.59014558140188500000,-101.86516346409917000000,66),(3371,33.59014495275915000000,-101.86523563228548000000,66),(3372,33.59014302492142000000,-101.86530402861536000000,66),(3373,33.59013975597918000000,-101.86537024565041000000,66),(3374,33.59014633577317000000,-101.86541651375592000000,66),(3375,33.59014817979187000000,-101.86546462588012000000,66),(3376,33.59015090391040000000,-101.86550460755825000000,66),(3377,33.59015056863427000000,-101.86553880572319000000,66),(3378,33.59014679677784400000,-101.86556462198496000000,66),(3379,33.59014306683093000000,-101.86557652428746000000,66),(3380,33.59013979788869600000,-101.86556261032820000000,66),(3381,33.59013933688402000000,-101.86555062420666000000,66),(3382,33.59013711567968000000,-101.86553813517094000000,66),(3383,33.59012701548636000000,-101.86553184874356000000,66),(3384,33.59012730885297000000,-101.86551902443170000000,66),(3385,33.59012412372976500000,-101.86550628393888000000,66),(3386,33.59012378845364000000,-101.86548935249448000000,66),(3387,33.59012408182025000000,-101.86550267972052000000,66),(3388,33.59011804684996600000,-101.86549413017929000000,66),(3389,33.59010874293744600000,-101.86550485901535000000,66),(3390,33.59010459389537600000,-101.86551558785140000000,66),(3391,33.59010044485330600000,-101.86550569720566000000,66),(3392,33.59009759500623000000,-101.86547996476293000000,66),(3393,33.59010647982359000000,-101.86547309160233000000,66),(3394,33.59010258223861500000,-101.86549035832286000000,66),(3395,33.59009390696883000000,-101.86549480073154000000,66),(3396,33.59009197913110000000,-101.86547937802970000000,66),(3397,33.59009935520589000000,-101.86546864919364000000,66),(3398,33.59010761138052000000,-101.86547409743070000000,66),(3399,33.59011020977050000000,-101.86549027450383000000,66),(3400,33.59011037740856400000,-101.86550502665341000000,66),(3401,33.59011004213244000000,-101.86551676131785000000,66),(3402,33.59011079650372000000,-101.86553025618196000000,66),(3403,33.59011255670339000000,-101.86554492451250000000,66),(3404,33.59011360444128500000,-101.86556487344205000000,66),(3405,33.59011226333678000000,-101.86558859422803000000,66),(3406,33.59011268243193600000,-101.86561566777527000000,66),(3407,33.59011465217918000000,-101.86564701609313000000,66),(3408,33.59011377207935000000,-101.86568783596158000000,66),(3409,33.59010857529938000000,-101.86573502607644000000,66),(3410,33.59010316897184000000,-101.86578607186675000000,66),(3411,33.59009881038219000000,-101.86585052870214000000,66),(3412,33.59009897802025000000,-101.86593241989613000000,66),(3413,33.59010090585798000000,-101.86600768938660000000,66),(3414,33.59010337851941600000,-101.86608153395355000000,66),(3415,33.59010518062860000000,-101.86616225168109000000,66),(3416,33.59011222142726000000,-101.86624565161765000000,66),(3417,33.59012018423527500000,-101.86633005738258000000,66),(3418,33.59012630302459000000,-101.86641211621463000000,66),(3419,33.59012839850038000000,-101.86649451032281000000,66),(3420,33.59013020060956500000,-101.86657430604100000000,66),(3421,33.59012994915247000000,-101.86666097491980000000,66),(3422,33.59012936241925000000,-101.86675024218857000000,66),(3423,33.59012957196683000000,-101.86683741398156000000,66),(3424,33.59012994915247000000,-101.86692408286035000000,66),(3425,33.59013028442860000000,-101.86701175756752000000,66),(3426,33.59012932050973000000,-101.86710521578789000000,66),(3427,33.59012944623828000000,-101.86719356104732000000,66),(3428,33.59013066161424000000,-101.86727788299322000000,66),(3429,33.59013196080923000000,-101.86736111529171000000,66),(3430,33.59013493638486000000,-101.86744267120957000000,66),(3431,33.59013787005097000000,-101.86752389185130000000,66),(3432,33.59013640321791000000,-101.86760318465531000000,66),(3433,33.59013443347066600000,-101.86767929233610000000,66),(3434,33.59013082925230000000,-101.86775489710271000000,66),(3435,33.59012823086232000000,-101.86782580800354000000,66),(3436,33.59012735076249000000,-101.86788775026798000000,66),(3437,33.59012672211975000000,-101.86794281937182000000,66),(3438,33.59012349508703000000,-101.86799403280020000000,66),(3439,33.59011896885931500000,-101.86803460121155000000,66),(3440,33.59011440072208600000,-101.86806871555746000000,66),(3441,33.59011389780789600000,-101.86810031533241000000,66),(3442,33.59011653810739500000,-101.86813753098250000000,66),(3443,33.59012756031006600000,-101.86817072331905000000,66),(3444,33.59014524612576000000,-101.86819536611438000000,66),(3445,33.59015681315213400000,-101.86824104748666000000,66),(3446,33.59016171656549000000,-101.86829452402890000000,66),(3447,33.59016624279320000000,-101.86833718791604000000,66),(3448,33.59017592389136600000,-101.86837239190936000000,66),(3449,33.59018510207534000000,-101.86840122565627000000,66),(3450,33.59019289724529000000,-101.86843416653574000000,66),(3451,33.59019482508302000000,-101.86847750097513000000,66),(3452,33.59018736518919500000,-101.86851957812905000000,66),(3453,33.59017370268702500000,-101.86855411157012000000,66),(3454,33.59015107154846000000,-101.86857917346060000000,66),(3455,33.59013061970472000000,-101.86858269385993000000,66),(3456,33.59010442625731000000,-101.86858990229666000000,66),(3457,33.59007668215781500000,-101.86858328059316000000,66),(3458,33.59004902187735000000,-101.86856282874942000000,66),(3459,33.59002333134413000000,-101.86854296363890000000,66),(3460,33.59000497497618000000,-101.86852150596678000000,66),(3461,33.58998959418386000000,-101.86849200166762000000,66),(3462,33.58996796887368000000,-101.86847314238548000000,66),(3463,33.58995744958520000000,-101.86844087205827000000,66),(3464,33.58993900939822000000,-101.86842000111938000000,66),(3465,33.58992119785398000000,-101.86839485540986000000,66),(3466,33.58988213818520000000,-101.86838622204960000000,66),(3467,33.58984458725899500000,-101.86838848516345000000,66),(3468,33.58980251010507000000,-101.86839485540986000000,66),(3469,33.58974941074848000000,-101.86840172857046000000,66),(3470,33.58968759421259000000,-101.86840047128499000000,66),(3471,33.58961638994515000000,-101.86840566806495000000,66),(3472,33.58953755814582000000,-101.86840281821787000000,66),(3473,33.58945072162896400000,-101.86838982626796000000,66),(3474,33.58936187345534600000,-101.86839200556278000000,66),(3475,33.58926694840193000000,-101.86840524896980000000,66),(3476,33.58918266836554000000,-101.86840952374041000000,66),(3477,33.58910568058491000000,-101.86840692535043000000,66),(3478,33.58903745189309000000,-101.86840390786529000000,66),(3479,33.58897760510444600000,-101.86839804053307000000,66),(3480,33.58891683630645000000,-101.86839032918215000000,66),(3481,33.58885845635086000000,-101.86838102526963000000,66),(3482,33.58880808111280000000,-101.86837364919484000000,66),(3483,33.58875502366572600000,-101.86836333945394000000,66),(3484,33.58869563788175600000,-101.86836032196880000000,66),(3485,33.58863947913051000000,-101.86835646629333000000,66),(3486,33.58859585132450000000,-101.86835512518883000000,66),(3487,33.58855339698493500000,-101.86836208216846000000,66),(3488,33.58852762263268000000,-101.86836476437747000000,66),(3489,33.58850876335054600000,-101.86837021261454000000,66),(3490,33.58849669340998000000,-101.86836652457714000000,66),(3491,33.58848583884537000000,-101.86837499029934000000,66),(3492,33.58847427181899500000,-101.86838513240218000000,66),(3493,33.58846107032150000000,-101.86838194727898000000,66),(3494,33.58844359405339000000,-101.86838043853640000000,66),(3495,33.58842117246240400000,-101.86837096698582000000,66),(3496,33.58839732594788000000,-101.86836929060519000000,66),(3497,33.58836585190147000000,-101.86839753761888000000,66),(3498,33.58835139311850000000,-101.86842855066061000000,66),(3499,33.58834368176758000000,-101.86846618540585000000,66),(3500,33.58833232428878500000,-101.86852259561420000000,66),(3501,33.58833781443536000000,-101.86859157867730000000,66),(3502,33.58833555132151000000,-101.86865544877946000000,66),(3503,33.58833450358361000000,-101.86871973797679000000,66),(3504,33.58833747915923600000,-101.86878838576376000000,66),(3505,33.58834141865373000000,-101.86886700801551000000,66),(3506,33.58834720216691500000,-101.86895459890366000000,66),(3507,33.58835030347109000000,-101.86903808265924000000,66),(3508,33.58835474587977000000,-101.86911527998745000000,66),(3509,33.58835776336491000000,-101.86919339932501000000,66),(3510,33.58835327904671400000,-101.86928199604154000000,66),(3511,33.58835369814187000000,-101.86937428079545000000,66),(3512,33.58835034538060400000,-101.86946631409228000000,66),(3513,33.58835047110915000000,-101.86955172568560000000,66),(3514,33.58834774699062000000,-101.86964568682015000000,66),(3515,33.58835034538060400000,-101.86974090524018000000,66),(3516,33.58835109975189000000,-101.86982413753867000000,66),(3517,33.58835277613252400000,-101.86991055496037000000,66),(3518,33.58835311140865000000,-101.86999211087823000000,66),(3519,33.58835223130882000000,-101.87007525935769000000,66),(3520,33.58835193794221000000,-101.87015782110393000000,66),(3521,33.58835164457559600000,-101.87024306505919000000,66),(3522,33.58835109975189000000,-101.87032545916736000000,66),(3523,33.58835399150848400000,-101.87040559016168000000,66),(3524,33.58834619633853400000,-101.87049158848822000000,66),(3525,33.58833115082234000000,-101.87057591043413000000,66),(3526,33.58831861987710000000,-101.87065578997135000000,66),(3527,33.58830872923136000000,-101.87073357403278000000,66),(3528,33.58831250108778500000,-101.87080247327685000000,66),(3529,33.58831187244505000000,-101.87088394537568000000,66),(3530,33.58831476420164000000,-101.87096508219838000000,66),(3531,33.58831459656358000000,-101.87105108052492000000,66),(3532,33.58831308782101000000,-101.87113573774695000000,66),(3533,33.58831572812050600000,-101.87121184542775000000,66),(3534,33.58831690158695000000,-101.87128895893693000000,66),(3916,33.58821137342602000000,-101.86369570903480000000,72),(3917,33.58820789493620400000,-101.86358808539808000000,72),(3918,33.58820542227477000000,-101.86346696689725000000,72),(3919,33.58820923604071000000,-101.86334626749158000000,72),(3920,33.58821275644004000000,-101.86321995221078000000,72),(3921,33.58821598347276400000,-101.86308257281780000000,72),(3922,33.58821820467710500000,-101.86294158920646000000,72),(3923,33.58821724075824000000,-101.86279951594770000000,72),(3924,33.58821812085807000000,-101.86266289092600000000,72),(3925,33.58821485191583600000,-101.86253582127392000000,72),(3926,33.58821141533553600000,-101.86241478659213000000,72),(3927,33.58820232097059500000,-101.86230758205056000000,72),(3928,33.58819997403771000000,-101.86222267337143000000,72),(3929,33.58820102177560000000,-101.86215871945024000000,72),(3930,33.58820219524205000000,-101.86210809275508000000,72),(3931,33.58820378780365000000,-101.86207707971334000000,72),(3932,33.58820613473654000000,-101.86204967088997000000,72),(3933,33.58820898458361600000,-101.86201698146760000000,72),(3934,33.58820898458361600000,-101.86196342110634000000,72),(3935,33.58820843975991000000,-101.86188446357846000000,72),(3936,33.58821074478328000000,-101.86178815551102000000,72),(3937,33.58821736648679000000,-101.86168681830168000000,72),(3938,33.58822201844305000000,-101.86157391406596000000,72),(3939,33.58822587411851000000,-101.86146243475378000000,72),(3940,33.58823169954121000000,-101.86135388910770000000,72),(3941,33.58822956215590000000,-101.86123251914978000000,72),(3942,33.58822574838996000000,-101.86110318638384000000,72),(3943,33.58822486829012600000,-101.86097293160856000000,72),(3944,33.58822650276124500000,-101.86084569431841000000,72),(3945,33.58822654467076000000,-101.86071778647602000000,72),(3946,33.58822872396558500000,-101.86059951782227000000,72),(3947,33.58823220245540000000,-101.86048711650074000000,72),(3948,33.58823383692652000000,-101.86038359999657000000,72),(3949,33.58823517803103000000,-101.86028494499624000000,72),(3950,33.58823371119797000000,-101.86019240878522000000,72),(3951,33.58823379501700400000,-101.86011780984700000000,72),(3952,33.58822977170348000000,-101.86005352064967000000,72),(3953,33.58822822105139500000,-101.86000448651612000000,72),(3954,33.58822822105139500000,-101.85997607186437000000,72),(3955,33.58822780195623600000,-101.85996157117188000000,72),(3956,33.58822926878929000000,-101.85994145460427000000,72),(3957,33.58823308255523400000,-101.85990817844868000000,72),(3958,33.58824079390615000000,-101.85985847376287000000,72),(3959,33.58824829570949000000,-101.85979552567005000000,72),(3960,33.58825076837092600000,-101.85970642603934000000,72),(3961,33.58825064264238000000,-101.85960173606873000000,72),(3962,33.58824674505740400000,-101.85947910882533000000,72),(3963,33.58824653550982500000,-101.85935589484870000000,72),(3964,33.58824515249580000000,-101.85922119766474000000,72),(3965,33.58824196737259600000,-101.85907979495823000000,72),(3966,33.58823798596859000000,-101.85893302783370000000,72),(3967,33.58823534566909000000,-101.85878299176693000000,72),(3968,33.58823304064572000000,-101.85863010585308000000,72),(3969,33.58822880778462000000,-101.85847747139633000000,72),(3970,33.58822763431817000000,-101.85833489522338000000,72),(3971,33.58822968788445000000,-101.85820497572422000000,72),(3972,33.58823035843670400000,-101.85808176174760000000,72),(3973,33.58823090326041000000,-101.85797237791121000000,72),(3974,33.58822935260832000000,-101.85788135044277000000,72),(3975,33.58822407200932500000,-101.85780968517065000000,72),(3976,33.58820768538862500000,-101.85774958692491000000,72),(3977,33.58817323576659000000,-101.85770826414227000000,72),(3978,33.58812147751450500000,-101.85769929550588000000,72),(3979,33.58806686941534000000,-101.85769191943109000000,72),(3980,33.58800241257995400000,-101.85769502073526000000,72),(3981,33.58793066348880500000,-101.85769828967750000000,72),(3982,33.58785313088447000000,-101.85769996605814000000,72),(3983,33.58777706511319000000,-101.85770197771490000000,72),(3984,33.58770271763205500000,-101.85770608484745000000,72),(3985,33.58762807678431000000,-101.85771438293159000000,72),(3986,33.58755636960268000000,-101.85771580785513000000,72),(3987,33.58748499769717500000,-101.85772033408284000000,72),(3988,33.58741433825344000000,-101.85772343538702000000,72),(3989,33.58733969740569600000,-101.85772703960538000000,72),(3990,33.58726208098233000000,-101.85773014090955000000,72),(3991,33.58718253672123000000,-101.85772594995797000000,72),(3992,33.58710110653192000000,-101.85772896744311000000,72),(3993,33.58702994417399000000,-101.85772645287216000000,72),(3994,33.58697143848985400000,-101.85773106291890000000,72),(3995,33.58693380374461400000,-101.85774723999202000000,72),(3996,33.58691263943910600000,-101.85777540318668000000,72),(3997,33.58690534718335000000,-101.85780189000070000000,72),(3998,33.58690958004445000000,-101.85782762244344000000,72),(3999,33.58691389672458000000,-101.85785427689552000000,72),(4000,33.58691565692425000000,-101.85787850059569000000,72),(4001,33.58160915000000000000,-101.86714439000000000000,75),(4002,33.58161336000000000000,-101.86713346000000000000,75),(4003,33.58160023000000000000,-101.86715699000000000000,75),(4004,33.58909199000000000000,-101.87569429000000000000,76),(4005,33.58896304000000000000,-101.87571700000000000000,77),(4006,33.58894922000000000000,-101.87571920000000000000,77),(4007,33.58893745000000000000,-101.87572057000000000000,77),(4008,33.58892377000000000000,-101.87572167000000000000,77),(4009,33.58891215000000000000,-101.87572098000000000000,77),(4010,33.58889943000000000000,-101.87571976000000000000,77),(4011,33.58888497000000000000,-101.87572311000000000000,77),(4012,33.58887092000000000000,-101.87572371000000000000,77),(4013,33.58885747000000000000,-101.87572400000000000000,77),(4014,33.58884382000000000000,-101.87572349000000000000,77),(4015,33.58883063000000000000,-101.87572305000000000000,77),(4016,33.58881652000000000000,-101.87572365000000000000,77),(4017,33.58880268000000000000,-101.87572642000000000000,77),(4018,33.58878794000000000000,-101.87573196000000000000,77),(4019,33.58877331000000000000,-101.87573536000000000000,77),(4020,33.58876058000000000000,-101.87573794000000000000,77),(4021,33.58874793000000000000,-101.87573995000000000000,77),(4022,33.58873686000000000000,-101.87574252000000000000,77),(4023,33.58872410000000000000,-101.87574322000000000000,77),(4024,33.58871057000000000000,-101.87574213000000000000,77),(4025,33.58869657000000000000,-101.87573979000000000000,77),(4026,33.58868398000000000000,-101.87574016000000000000,77),(4027,33.58867220000000000000,-101.87574202000000000000,77),(4028,33.58866120000000000000,-101.87574248000000000000,77),(4029,33.58864945000000000000,-101.87574427000000000000,77),(4030,33.58863814000000000000,-101.87574751000000000000,77),(4031,33.58862751000000000000,-101.87575166000000000000,77),(4032,33.58861608000000000000,-101.87575771000000000000,77);
/*!40000 ALTER TABLE `routeservice_coordinate` ENABLE KEYS */;
UNLOCK TABLES;

--
-- Table structure for table `routeservice_realtimecoordinates`
--

DROP TABLE IF EXISTS `routeservice_realtimecoordinates`;
/*!40101 SET @saved_cs_client     = @@character_set_client */;
/*!40101 SET character_set_client = utf8 */;
CREATE TABLE `routeservice_realtimecoordinates` (
  `id` int(11) NOT NULL AUTO_INCREMENT,
  `lat` decimal(25,20) NOT NULL,
  `lng` decimal(25,20) NOT NULL,
  `route` int(11) NOT NULL,
  `time` int(11) NOT NULL,
  PRIMARY KEY (`id`)
) ENGINE=InnoDB AUTO_INCREMENT=8 DEFAULT CHARSET=latin1;
/*!40101 SET character_set_client = @saved_cs_client */;

--
-- Dumping data for table `routeservice_realtimecoordinates`
--

LOCK TABLES `routeservice_realtimecoordinates` WRITE;
/*!40000 ALTER TABLE `routeservice_realtimecoordinates` DISABLE KEYS */;
INSERT INTO `routeservice_realtimecoordinates` VALUES (1,33.58666977379471000000,-101.86479348689318000000,50,1396929715),(2,33.58665841631591000000,-101.86478041112423000000,53,1396930654),(3,33.58668720815331000000,-101.86466993764043000000,60,1396939666),(4,33.58661265112460000000,-101.86463858932257000000,58,1396939277),(5,33.58797935000000000000,-101.87031522000000000000,64,1397150413),(6,33.58668243046850000000,-101.86469080857933000000,65,1397066957),(7,33.58834152000000000000,-101.86352830000000000000,66,1397167484);
/*!40000 ALTER TABLE `routeservice_realtimecoordinates` ENABLE KEYS */;
UNLOCK TABLES;

--
-- Table structure for table `routeservice_stopsubscription`
--

DROP TABLE IF EXISTS `routeservice_stopsubscription`;
/*!40101 SET @saved_cs_client     = @@character_set_client */;
/*!40101 SET character_set_client = utf8 */;
CREATE TABLE `routeservice_stopsubscription` (
  `id` int(11) NOT NULL AUTO_INCREMENT,
  `device` varchar(200) NOT NULL,
  `stop_id` int(11) NOT NULL,
  `h` int(11) NOT NULL,
  `m` int(11) NOT NULL,
  PRIMARY KEY (`id`),
  KEY `routeservice_stopsubscription_3d4be78c` (`stop_id`),
  CONSTRAINT `stop_id_refs_id_a8f4480d` FOREIGN KEY (`stop_id`) REFERENCES `routeservice_busstop` (`id`)
) ENGINE=InnoDB AUTO_INCREMENT=17 DEFAULT CHARSET=latin1;
/*!40101 SET character_set_client = @saved_cs_client */;

--
-- Dumping data for table `routeservice_stopsubscription`
--

LOCK TABLES `routeservice_stopsubscription` WRITE;
/*!40000 ALTER TABLE `routeservice_stopsubscription` DISABLE KEYS */;
/*!40000 ALTER TABLE `routeservice_stopsubscription` ENABLE KEYS */;
UNLOCK TABLES;
/*!40103 SET TIME_ZONE=@OLD_TIME_ZONE */;

/*!40101 SET SQL_MODE=@OLD_SQL_MODE */;
/*!40014 SET FOREIGN_KEY_CHECKS=@OLD_FOREIGN_KEY_CHECKS */;
/*!40014 SET UNIQUE_CHECKS=@OLD_UNIQUE_CHECKS */;
/*!40101 SET CHARACTER_SET_CLIENT=@OLD_CHARACTER_SET_CLIENT */;
/*!40101 SET CHARACTER_SET_RESULTS=@OLD_CHARACTER_SET_RESULTS */;
/*!40101 SET COLLATION_CONNECTION=@OLD_COLLATION_CONNECTION */;
/*!40111 SET SQL_NOTES=@OLD_SQL_NOTES */;

-- Dump completed on 2014-05-13  4:26:51
